subregion,date,rent,bedrooms,sqft,latitude,longitude
SF,Sep 18 2013,$950,   / 1br -    ,   / 1br -    ,37.761216,-122.396965
SF,Sep 18 2013,$950,   / 1br -    ,   / 1br -    ,37.76108,-122.39679299999999
SF,Sep 18 2013,$950,   / 1br -    ,   / 1br -    ,37.7621,-122.3971
SF,Sep 18 2013,$3300,   / 1br - 830ft² -    ,   / 1br - 830ft² -    ,37.798108,-122.39974699999999
SF,Sep 18 2013,$2000,   / 3br - 1280ft² -    ,   / 3br - 1280ft² -    ,,
SF,Sep 18 2013,$3850,   / 2br -    ,   / 2br -    ,,
SF,Sep 18 2013,$3399,      ,      ,,
SF,Sep 18 2013,$5250,   / 2br - 1000ft² -    ,   / 2br - 1000ft² -    ,,
SF,Sep 18 2013,$950,   / 1br -    ,   / 1br -    ,37.762029999999996,-122.39713700000001
SF,Sep 18 2013,$950,   / 1br -    ,   / 1br -    ,37.764065,-122.39645
SF,Sep 18 2013,$2950,   / 1br - 900ft² -    ,   / 1br - 900ft² -    ,37.757405,-122.44033400000001
SF,Sep 18 2013,$3500,   / 2br - 1400ft² -    ,   / 2br - 1400ft² -    ,37.748315000000005,-122.48358200000001
SF,Sep 18 2013,$2800,   / 1br - 720ft² -    ,   / 1br - 720ft² -    ,37.800360999999995,-122.41928
SF,Sep 18 2013,$2700,   / 1br - 720ft² -    ,   / 1br - 720ft² -    ,37.8002,-122.4091
SF,Sep 18 2013,$2100,   / 1br -    ,   / 1br -    ,37.719284,-122.439626
SF,Sep 18 2013,$2600,   / 2br - 900ft² -    ,   / 2br - 900ft² -    ,37.723481,-122.43985
SF,Sep 18 2013,$2850,   / 2br -    ,   / 2br -    ,37.7593,-122.4836
SF,Sep 18 2013,$3500,   / 2br - 1054ft² -    ,   / 2br - 1054ft² -    ,37.7917,-122.4186
SF,Sep 18 2013,$6100,   / 3br -    ,   / 3br -    ,37.765727000000005,-122.435472
SF,Sep 18 2013,$6495,   / 3br -    ,   / 3br -    ,37.765727000000005,-122.435472
SF,Sep 18 2013,$890,      ,      ,,
SF,Sep 18 2013,$2800,   / 1br -    ,   / 1br -    ,37.787647,-122.443753
SF,Sep 18 2013,$3500,   / 2br - 960ft² -    ,   / 2br - 960ft² -    ,37.771142,-122.445535
SF,Sep 18 2013,$2200,   / 2br - 700ft² -    ,   / 2br - 700ft² -    ,37.7812,-122.4614
SF,Sep 18 2013,$3695,   / 1br -    ,   / 1br -    ,,
SF,Sep 18 2013,$3000,   / 3br - 1476ft² -    ,   / 3br - 1476ft² -    ,37.719829,-122.391171
SF,Sep 18 2013,$4500,   / 1br - 900ft² -    ,   / 1br - 900ft² -    ,,
SF,Sep 18 2013,$3600,   / 3br - 1450ft² -    ,   / 3br - 1450ft² -    ,37.775076,-122.51129499999999
SF,Sep 18 2013,$1625,      ,      ,,
SF,Sep 18 2013,$3695,   / 1br - 1000ft² -    ,   / 1br - 1000ft² -    ,,
SF,Sep 18 2013,$5200,   / 3br - 1500ft² -    ,   / 3br - 1500ft² -    ,37.722762,-122.45614499999999
SF,Sep 18 2013,$2395,   / 1br - 575ft² -    ,   / 1br - 575ft² -    ,37.787403000000005,-122.426768
SF,Sep 18 2013,$3800,   / 4br -    ,   / 4br -    ,37.775611,-122.481187
SF,Sep 18 2013,$1995,      ,      ,37.786865,-122.41210500000001
SF,Sep 18 2013,$2175,      ,      ,37.5,-122.25
SF,Sep 18 2013,$5500,   / 2br - 1450ft² -    ,   / 2br - 1450ft² -    ,,
SF,Sep 18 2013,$2350,      ,      ,37.803492999999996,-122.44527
SF,Sep 18 2013,$6000,   / 1br - 1600ft² -    ,   / 1br - 1600ft² -    ,,
SF,Sep 18 2013,$11495,   / 3br -    ,   / 3br -    ,,
SF,Sep 18 2013,$3900,   / 2br -    ,   / 2br -    ,,
SF,Sep 18 2013,$4795,   / 2br -    ,   / 2br -    ,,
SF,Sep 18 2013,$4995,   / 3br -    ,   / 3br -    ,37.756145000000004,-122.459616
SF,Sep 18 2013,$11495,   / 3br -    ,   / 3br -    ,,
SF,Sep 18 2013,$1250,   / 1br - 300ft² -    ,   / 1br - 300ft² -    ,,
SF,Sep 18 2013,$4195,   / 4br - 1390ft² -    ,   / 4br - 1390ft² -    ,37.795237,-122.456639
SF,Sep 18 2013,$1745,   / 1br -    ,   / 1br -    ,37.785087,-122.41282700000001
SF,Sep 18 2013,$2395,   / 2br - 1337ft² -    ,   / 2br - 1337ft² -    ,37.711104999999996,-122.389669
SF,Sep 18 2013,$1999,      ,      ,37.776619000000004,-122.417402
SF,Sep 18 2013,$2195,      ,      ,37.788018,-122.413425
SF,Sep 18 2013,$6900,   / 3br -    ,   / 3br -    ,37.788185999999996,-122.446974
SF,Sep 18 2013,$3900,   / 2br - 1200ft² -    ,   / 2br - 1200ft² -    ,37.786196000000004,-122.424858
SF,Sep 18 2013,$2850,   / 2br - 1010ft² -    ,   / 2br - 1010ft² -    ,37.790471999999994,-122.48113300000001
SF,Sep 18 2013,$3000,   / 1br -    ,   / 1br -    ,,
SF,Sep 18 2013,$7950,   / 3br -    ,   / 3br -    ,37.797125,-122.413074
SF,Sep 18 2013,$4500,   / 2br -    ,   / 2br -    ,,
SF,Sep 18 2013,$3350,   / 1br - 680ft² -    ,   / 1br - 680ft² -    ,,
SF,Sep 18 2013,$4500,   / 2br -    ,   / 2br -    ,,
SF,Sep 18 2013,$5200,   / 3br - 1500ft² -    ,   / 3br - 1500ft² -    ,37.722762,-122.45614499999999
SF,Sep 18 2013,$5200,   / 3br - 1500ft² -    ,   / 3br - 1500ft² -    ,37.722762,-122.45614499999999
SF,Sep 18 2013,$5200,   / 3br - 1500ft² -    ,   / 3br - 1500ft² -    ,37.722762,-122.45614499999999
SF,Sep 18 2013,$2506,   / 476ft² -    ,   / 476ft² -    ,37.776286999999996,-122.41718200000001
SF,Sep 18 2013,$5200,   / 3br - 1500ft² -    ,   / 3br - 1500ft² -    ,37.722762,-122.45614499999999
SF,Sep 18 2013,$4500,   / 2br - 930ft² -    ,   / 2br - 930ft² -    ,37.806123,-122.41033
SF,Sep 18 2013,$2500,   / 1br - 550ft² -    ,   / 1br - 550ft² -    ,,
SF,Sep 18 2013,$2700,   / 2br - 1200ft² -    ,   / 2br - 1200ft² -    ,37.7593,-122.4836
SF,Sep 17 2013,$4700,   / 1br -    ,   / 1br -    ,37.794684000000004,-122.431634
SF,Sep 17 2013,$2800,   / 1br -    ,   / 1br -    ,37.78713,-122.42504699999999
SF,Sep 17 2013,$5500,   / 2br -    ,   / 2br -    ,37.783609000000006,-122.38984599999999
SF,Sep 17 2013,$4850,   / 2br - 1223ft² -    ,   / 2br - 1223ft² -    ,37.787455,-122.39118
SF,Sep 17 2013,$7700,   / 2br -    ,   / 2br -    ,37.802848,-122.434973
SF,Sep 17 2013,$3500,   / 1br - 815ft² -    ,   / 1br - 815ft² -    ,37.761817,-122.40915700000001
SF,Sep 17 2013,$12500,   / 2br -    ,   / 2br -    ,37.795949,-122.43695
SF,Sep 17 2013,$4500,   / 1br -    ,   / 1br -    ,37.782751,-122.407871
SF,Sep 17 2013,$3995,   / 2br -    ,   / 2br -    ,37.777457,-122.41315800000001
SF,Sep 17 2013,$3300,   / 1br -    ,   / 1br -    ,37.793223,-122.41447
SF,Sep 17 2013,$7500,   / 3br -    ,   / 3br -    ,37.742495,-122.433315
SF,Sep 18 2013,$2600,   / 1br - 746ft² -    ,   / 1br - 746ft² -    ,37.765183,-122.41748700000001
SF,Sep 18 2013,$4900,   / 1br - 1505ft² -    ,   / 1br - 1505ft² -    ,,
SF,Sep 18 2013,$3249,   / 549ft² -    ,   / 549ft² -    ,37.773953999999996,-122.389948
SF,Sep 18 2013,$3200,   / 2br -    ,   / 2br -    ,37.781939,-122.449
SF,Sep 18 2013,$2942,   / 600ft² -    ,   / 600ft² -    ,37.785012,-122.43563200000001
SF,Sep 18 2013,$2190,      ,      ,,
SF,Sep 18 2013,$3130,   / 1br - 730ft² -    ,   / 1br - 730ft² -    ,,
SF,Sep 18 2013,$1995,      ,      ,37.787454,-122.41499499999999
SF,Sep 18 2013,$2990,   / 1br - 778ft² -    ,   / 1br - 778ft² -    ,37.777138,-122.39305
SF,Sep 18 2013,$6500,   / 2br - 1400ft² -    ,   / 2br - 1400ft² -    ,,
SF,Sep 18 2013,$4222,   / 2br - 1095ft² -    ,   / 2br - 1095ft² -    ,,
SF,Sep 18 2013,$4750,   / 4br -    ,   / 4br -    ,37.772374,-122.48847099999999
SF,Sep 18 2013,,  510ft² -    ,  510ft² -    ,37.714652,-122.493398
SF,Sep 18 2013,$2725,   / 1br - 699ft² -    ,   / 1br - 699ft² -    ,37.78317,-122.432681
SF,Sep 18 2013,$2675,   / 1br -    ,   / 1br -    ,37.79996,-122.405371
SF,Sep 18 2013,$3075,   / 1br - 565ft² -    ,   / 1br - 565ft² -    ,,
SF,Sep 18 2013,$2899,   / 1br - 660ft² -    ,   / 1br - 660ft² -    ,37.78317,-122.432681
SF,Sep 18 2013,$3300,   / 1br -    ,   / 1br -    ,37.786209,-122.398977
SF,Sep 18 2013,$3300,   / 1br -    ,   / 1br -    ,37.786209,-122.398977
SF,Sep 18 2013,$4300,   / 1br -    ,   / 1br -    ,37.79868,-122.415572
SF,Sep 18 2013,$2800,   / 1br - 558ft² -    ,   / 1br - 558ft² -    ,,
SF,Sep 17 2013,$2815,   / 1br -    ,   / 1br -    ,37.753738,-122.46015700000001
SF,Sep 17 2013,$7595,   / 2br -    ,   / 2br -    ,,
SF,Sep 17 2013,$3249,   / 1br - 740ft² -    ,   / 1br - 740ft² -    ,37.773167,-122.39666899999999
SF,Sep 17 2013,$1800,      ,      ,37.787093,-122.41323500000001
SF,Sep 17 2013,$2500,   / 2br - 810ft² -    ,   / 2br - 810ft² -    ,37.740133,-122.491615
SF,Sep 17 2013,$2250,      ,      ,37.800814,-122.436274
SF,Sep 17 2013,$2300,   / 1br -    ,   / 1br -    ,37.773674,-122.44062
SF,Sep 17 2013,$2350,   / 456ft² -    ,   / 456ft² -    ,37.802617,-122.40705700000001
SF,Sep 17 2013,$2250,   / 1br - 650ft² -    ,   / 1br - 650ft² -    ,,
SF,Sep 17 2013,$1500,      ,      ,37.7593,-122.4836
SF,Sep 17 2013,$1995,      ,      ,,
SF,Sep 18 2013,$1050,      ,      ,37.782875,-122.415869
SF,Sep 18 2013,$2200,   / 1br -    ,   / 1br -    ,37.793471999999994,-122.43376
SF,Sep 18 2013,$2720,   / 1br - 665ft² -    ,   / 1br - 665ft² -    ,37.75954,-122.462864
SF,Sep 18 2013,$9800,   / 3br -    ,   / 3br -    ,37.759093,-122.43811200000002
SF,Sep 18 2013,$3950,   / 1br -    ,   / 1br -    ,37.791153,-122.39581299999999
SF,Sep 18 2013,$3495,   / 2br - 1100ft² -    ,   / 2br - 1100ft² -    ,37.748946000000004,-122.46848100000001
SF,Sep 18 2013,$2395,   / 1br -    ,   / 1br -    ,37.757855,-122.439074
SF,Sep 18 2013,$1800,   / 1br -    ,   / 1br -    ,37.763802,-122.471668
SF,Sep 18 2013,$7950,   / 4br - 2800ft² -    ,   / 4br - 2800ft² -    ,,
SF,Sep 18 2013,$3495,   / 2br -    ,   / 2br -    ,37.7658,-122.44995800000001
SF,Sep 18 2013,$3500,   / 2br - 1300ft² -    ,   / 2br - 1300ft² -    ,37.787262,-122.446793
SF,Sep 18 2013,$14500,   / 5br -    ,   / 5br -    ,37.786283000000005,-122.49056100000001
SF,Sep 18 2013,$2400,      ,      ,,
SF,Sep 18 2013,,  510ft² -    ,  510ft² -    ,37.714652,-122.493398
SF,Sep 18 2013,$5950,   / 4br - 1700ft² -    ,   / 4br - 1700ft² -    ,37.770462,-122.447027
SF,Sep 18 2013,$3000,   / 1br -    ,   / 1br -    ,37.777457,-122.41315800000001
SF,Sep 18 2013,$3900,   / 2br -    ,   / 2br -    ,,
SF,Sep 18 2013,$2695,   / 1br -    ,   / 1br -    ,,
SF,Sep 18 2013,$1800,   / 1br -    ,   / 1br -    ,37.756014,-122.47874399999999
SF,Sep 18 2013,$2975,   / 1br -    ,   / 1br -    ,37.784196,-122.44920900000001
SF,Sep 18 2013,$2950,   / 1br -    ,   / 1br -    ,37.801303999999995,-122.42453799999998
SF,Sep 18 2013,$5385,   / 2br - 1465ft² -    ,   / 2br - 1465ft² -    ,,
SF,Sep 18 2013,$9500,   / 3br - 1975ft² -    ,   / 3br - 1975ft² -    ,,
SF,Sep 18 2013,$3695,   / 1br - 1000ft² -    ,   / 1br - 1000ft² -    ,,
SF,Sep 18 2013,$9500,   / 3br - 1975ft² -    ,   / 3br - 1975ft² -    ,,
SF,Sep 18 2013,$3695,   / 1br - 1000ft² -    ,   / 1br - 1000ft² -    ,37.774384999999995,-122.401518
SF,Sep 18 2013,$4995,   / 3br -    ,   / 3br -    ,37.756145000000004,-122.459616
SF,Sep 18 2013,$2850,   / 2br -    ,   / 2br -    ,37.784704999999995,-122.478618
SF,Sep 18 2013,$2950,   / 1br - 900ft² -    ,   / 1br - 900ft² -    ,37.77731,-122.446774
SF,Sep 18 2013,$2750,   / 1br -    ,   / 1br -    ,37.774971,-122.45300300000001
SF,Sep 18 2013,$2370,      ,      ,37.776619000000004,-122.417402
SF,Sep 18 2013,$2495,   / 2br - 925ft² -    ,   / 2br - 925ft² -    ,,
SF,Sep 18 2013,$4420,   / 2br - 1164ft² -    ,   / 2br - 1164ft² -    ,,
SF,Sep 18 2013,$2795,   / 1br -    ,   / 1br -    ,37.75866,-122.41153899999999
SF,Sep 18 2013,$1950,      ,      ,37.789757,-122.411942
SF,Sep 18 2013,$2895,   / 1br -    ,   / 1br -    ,37.76723,-122.446289
SF,Sep 18 2013,$2650,   / 1br -    ,   / 1br -    ,37.769284000000006,-122.448475
SF,Sep 18 2013,$2500,   / 1br - 800ft² -    ,   / 1br - 800ft² -    ,37.776231,-122.41471100000001
SF,Sep 17 2013,$10995,   / 4br -    ,   / 4br -    ,37.788682,-122.488059
SF,Sep 17 2013,$3600,   / 1br - 675ft² -    ,   / 1br - 675ft² -    ,,
SF,Sep 17 2013,$7500,   / 2br -    ,   / 2br -    ,37.778852,-122.39275
SF,Sep 17 2013,$3200,   / 1br -    ,   / 1br -    ,37.793223,-122.41447
SF,Sep 17 2013,$4300,   / 1br -    ,   / 1br -    ,37.79868,-122.415572
SF,Sep 17 2013,$5675,   / 3br -    ,   / 3br -    ,37.785334999999996,-122.424687
SF,Sep 17 2013,$4200,   / 1br -    ,   / 1br -    ,37.782751,-122.407871
SF,Sep 17 2013,$3900,   / 1br -    ,   / 1br -    ,37.789369,-122.39185800000001
SF,Sep 17 2013,$6000,   / 3br -    ,   / 3br -    ,37.799616,-122.41576200000002
SF,Sep 17 2013,$3750,   / 1br -    ,   / 1br -    ,37.777553000000005,-122.391121
SF,Sep 17 2013,$3500,   / 2br -    ,   / 2br -    ,37.767007,-122.44801299999999
SF,Sep 18 2013,$2300,   / 1br -    ,   / 1br -    ,37.790463,-122.41391599999999
SF,Sep 18 2013,$2850,   / 1br -    ,   / 1br -    ,37.771541,-122.442423
SF,Sep 18 2013,$3550,   / 2br - 1300ft² -    ,   / 2br - 1300ft² -    ,37.744021000000004,-122.49618000000001
SF,Sep 18 2013,$5095,   / 4br -    ,   / 4br -    ,37.776097,-122.48896
SF,Sep 18 2013,$2995,   / 3br - 1400ft² -    ,   / 3br - 1400ft² -    ,,
SF,Sep 18 2013,$2666,   / 476ft² -    ,   / 476ft² -    ,37.776286999999996,-122.41718200000001
SF,Sep 18 2013,$5895,   / 2br - 1166ft² -    ,   / 2br - 1166ft² -    ,,
SF,Sep 18 2013,$5200,   / 4br - 2225ft² -    ,   / 4br - 2225ft² -    ,,
SF,Sep 18 2013,$3625,   / 2br -    ,   / 2br -    ,37.77493,-122.41942
SF,Sep 18 2013,$11000,   / 4br -    ,   / 4br -    ,37.792889,-122.43126299999999
SF,Sep 18 2013,$8900,   / 7br - 3000ft² -    ,   / 7br - 3000ft² -    ,,
SF,Sep 18 2013,$2800,   / 2br - 1048ft² -    ,   / 2br - 1048ft² -    ,37.733936,-122.41251000000001
SF,Sep 18 2013,$3550,   / 1br - 675ft² -    ,   / 1br - 675ft² -    ,,
SF,Sep 17 2013,$3135,   / 1br - 730ft² -    ,   / 1br - 730ft² -    ,,
SF,Sep 17 2013,$2600,   / 1br -    ,   / 1br -    ,37.777902000000005,-122.452749
SF,Sep 17 2013,$5570,   / 2br - 1130ft² -    ,   / 2br - 1130ft² -    ,,
SF,Sep 17 2013,$4799,   / 2br - 1088ft² -    ,   / 2br - 1088ft² -    ,,
SF,Sep 17 2013,$3124,   / 549ft² -    ,   / 549ft² -    ,,
SF,Sep 17 2013,$1925,      ,      ,37.787188,-122.41709399999999
SF,Sep 17 2013,$2095,      ,      ,37.770748,-122.424853
SF,Sep 17 2013,$2245,      ,      ,37.790726,-122.408902
SF,Sep 17 2013,$2431,      ,      ,37.776540999999995,-122.417501
SF,Sep 18 2013,$4395,   / 3br - 2154ft² -    ,   / 3br - 2154ft² -    ,37.746827,-122.47488700000001
SF,Sep 18 2013,$3495,   / 1br - 756ft² -    ,   / 1br - 756ft² -    ,37.762187,-122.440168
SF,Sep 18 2013,$4475,   / 1br - 725ft² -    ,   / 1br - 725ft² -    ,37.770025,-122.439254
SF,Sep 18 2013,$4075,   / 2br -    ,   / 2br -    ,,
SF,Sep 18 2013,$6950,   / 5br -    ,   / 5br -    ,37.774485999999996,-122.483255
SF,Sep 18 2013,$10995,   / 4br -    ,   / 4br -    ,37.788364,-122.44558899999998
SF,Sep 18 2013,,     ,     ,,
SF,Sep 18 2013,$4800,   / 2br -    ,   / 2br -    ,37.76676,-122.418403
SF,Sep 18 2013,$7500,   / 3br - 2400ft² -    ,   / 3br - 2400ft² -    ,,
SF,Sep 18 2013,$5195,   / 3br -    ,   / 3br -    ,37.786657,-122.44524399999999
SF,Sep 18 2013,$6000,   / 4br -    ,   / 4br -    ,37.754341,-122.41022
SF,Sep 18 2013,$5995,   / 2br -    ,   / 2br -    ,,
SF,Sep 18 2013,$2700,   / 565ft² -    ,   / 565ft² -    ,37.780181,-122.409709
SF,Sep 18 2013,$4800,   / 3br -    ,   / 3br -    ,,
SF,Sep 18 2013,$9500,   / 4br -    ,   / 4br -    ,37.788437,-122.452126
SF,Sep 18 2013,$5250,   / 2000ft² -    ,   / 2000ft² -    ,37.777977,-122.40938700000001
SF,Sep 18 2013,$4495,   / 2br -    ,   / 2br -    ,,
SF,Sep 18 2013,$3404,   / 1br - 822ft² -    ,   / 1br - 822ft² -    ,37.776540999999995,-122.417501
SF,Sep 18 2013,$5400,   / 2br -    ,   / 2br -    ,,
SF,Sep 18 2013,$8000,   / 2br -    ,   / 2br -    ,,
SF,Sep 18 2013,$2721,   / 567ft² -    ,   / 567ft² -    ,37.784944,-122.435675
SF,Sep 18 2013,$4350,   / 2br - 1000ft² -    ,   / 2br - 1000ft² -    ,37.758338,-122.395381
SF,Sep 18 2013,$3450,   / 3br -    ,   / 3br -    ,37.782406,-122.476307
SF,Sep 18 2013,$2195,      ,      ,,
SF,Sep 18 2013,$3500,   / 2br - 1078ft² -    ,   / 2br - 1078ft² -    ,37.787021,-122.43346000000001
SF,Sep 18 2013,$2721,   / 557ft² -    ,   / 557ft² -    ,,
SF,Sep 18 2013,$6500,   / 2br - 1400ft² -    ,   / 2br - 1400ft² -    ,37.794895000000004,-122.42998899999999
SF,Sep 18 2013,$2150,      ,      ,,
SF,Sep 18 2013,$1675,      ,      ,37.785087,-122.41282700000001
SF,Sep 18 2013,$2685,   / 1br -    ,   / 1br -    ,,
SF,Sep 18 2013,$2930,   / 1br -    ,   / 1br -    ,37.7621,-122.3971
SF,Sep 18 2013,$2300,   / 1br -    ,   / 1br -    ,37.782044,-122.42200600000001
SF,Sep 18 2013,$2645,   / 1br -    ,   / 1br -    ,,
SF,Sep 18 2013,$1500,      ,      ,37.779747,-122.492232
SF,Sep 18 2013,$3124,   / 549ft² -    ,   / 549ft² -    ,37.773886,-122.389927
SF,Sep 18 2013,$5000,   / 2br -    ,   / 2br -    ,,
SF,Sep 18 2013,$4200,   / 4br -    ,   / 4br -    ,37.740590000000005,-122.49593999999999
SF,Sep 18 2013,$3300,   / 1br -    ,   / 1br -    ,37.794037,-122.422243
SF,Sep 17 2013,$2600,   / 1br - 700ft² -    ,   / 1br - 700ft² -    ,,
SF,Sep 17 2013,$1550,   / 2br -    ,   / 2br -    ,37.753248,-122.498972
SF,Sep 17 2013,$4700,   / 1br -    ,   / 1br -    ,37.794684000000004,-122.431634
SF,Sep 17 2013,$5500,   / 4br - 2448ft² -    ,   / 4br - 2448ft² -    ,37.748869,-122.47059499999999
SF,Sep 17 2013,$3500,   / 1br -    ,   / 1br -    ,37.738881,-122.41455900000001
SF,Sep 17 2013,$4300,   / 2br - 830ft² -    ,   / 2br - 830ft² -    ,37.782740999999994,-122.407859
SF,Sep 17 2013,$3500,   / 1br - 700ft² -    ,   / 1br - 700ft² -    ,37.782740999999994,-122.407859
SF,Sep 17 2013,$10000,   / 3br -    ,   / 3br -    ,37.759692,-122.428202
SF,Sep 17 2013,$5800,   / 3br -    ,   / 3br -    ,,
SF,Sep 17 2013,$9750,   / 4br -    ,   / 4br -    ,37.736388,-122.428977
SF,Sep 18 2013,$5495,   / 2br -    ,   / 2br -    ,37.788104,-122.39028
SF,Sep 18 2013,$1680,   / 1br - 700ft² -    ,   / 1br - 700ft² -    ,37.773309000000005,-122.508958
SF,Sep 18 2013,,  1br -    ,  1br -    ,,
SF,Sep 18 2013,$4570,   / 2br -    ,   / 2br -    ,37.7621,-122.3971
SF,Sep 18 2013,$11000,   / 4br - 1969ft² -    ,   / 4br - 1969ft² -    ,37.798442,-122.417456
SF,Sep 18 2013,$9950,   / 4br - 1894ft² -    ,   / 4br - 1894ft² -    ,37.798408,-122.417727
SF,Sep 18 2013,$8250,   / 3br - 1140ft² -    ,   / 3br - 1140ft² -    ,37.798438,-122.41748999999999
SF,Sep 18 2013,$17250,   / 6br - 3451ft² -    ,   / 6br - 3451ft² -    ,37.798425,-122.41759099999999
SF,Sep 18 2013,$9250,   / 3br - 1540ft² -    ,   / 3br - 1540ft² -    ,37.798412,-122.417693
SF,Sep 18 2013,$9100,   / 3br - 1567ft² -    ,   / 3br - 1567ft² -    ,37.798451,-122.41738799999999
SF,Sep 18 2013,$3900,   / 2br -    ,   / 2br -    ,,
SF,Sep 18 2013,$2400,      ,      ,,
SF,Sep 18 2013,$6250,   / 4br - 2100ft² -    ,   / 4br - 2100ft² -    ,,
SF,Sep 18 2013,$3250,   / 1br -    ,   / 1br -    ,37.80018,-122.436125
SF,Sep 18 2013,$5595,   / 4br -    ,   / 4br -    ,37.736061,-122.424466
SF,Sep 18 2013,$8000,   / 1br -    ,   / 1br -    ,37.791153,-122.39581299999999
SF,Sep 18 2013,$4495,   / 2br -    ,   / 2br -    ,37.777922,-122.412568
SF,Sep 18 2013,$1500,   / 400ft² -    ,   / 400ft² -    ,37.7593,-122.4836
SF,Sep 18 2013,$5250,   / 3br -    ,   / 3br -    ,37.756237,-122.47368300000001
SF,Sep 17 2013,$1400,   / 336ft² -    ,   / 336ft² -    ,37.792049,-122.416597
SF,Sep 17 2013,$1925,      ,      ,,
SF,Sep 17 2013,$1895,      ,      ,37.788469,-122.414548
SF,Sep 17 2013,$3500,   / 1br -    ,   / 1br -    ,37.78009,-122.3943
SF,Sep 17 2013,$2195,      ,      ,37.770839,-122.425371
SF,Sep 17 2013,$2795,   / 2br - 1010ft² -    ,   / 2br - 1010ft² -    ,37.790556,-122.480911
SF,Sep 17 2013,$1495,      ,      ,37.783165999999994,-122.418671
SF,Sep 17 2013,$2950,   / 1br - 631ft² -    ,   / 1br - 631ft² -    ,,
SF,Sep 17 2013,$2175,      ,      ,37.779866999999996,-122.437072
SF,Sep 17 2013,$2195,      ,      ,37.788018,-122.413425
SF,Sep 17 2013,$6500,   / 3br - 1300ft² -    ,   / 3br - 1300ft² -    ,37.746494,-122.43369799999999
SF,Sep 18 2013,$2800,   / 1br -    ,   / 1br -    ,37.751638,-122.42854799999999
SF,Sep 18 2013,$2666,   / 476ft² -    ,   / 476ft² -    ,,
SF,Sep 18 2013,$8500,   / 3br -    ,   / 3br -    ,37.758756,-122.43034399999999
SF,Sep 18 2013,$2100,   / 1br -    ,   / 1br -    ,37.764131,-122.46417199999999
SF,Sep 18 2013,$3395,   / 1br -    ,   / 1br -    ,37.791965000000005,-122.424341
SF,Sep 18 2013,$2765,   / 1br -    ,   / 1br -    ,37.753738,-122.46015700000001
SF,Sep 18 2013,$2450,   / 2br -    ,   / 2br -    ,,
SF,Sep 18 2013,$2818,   / 1br -    ,   / 1br -    ,37.753738,-122.46015700000001
SF,Sep 18 2013,$5195,   / 3br -    ,   / 3br -    ,37.786657,-122.44524399999999
SF,Sep 18 2013,$5095,   / 4br -    ,   / 4br -    ,37.776097,-122.48896
SF,Sep 18 2013,$3820,   / 2br - 882ft² -    ,   / 2br - 882ft² -    ,37.75954,-122.462864
SF,Sep 18 2013,$4500,   / 3br -    ,   / 3br -    ,37.73165,-122.435189
SF,Sep 18 2013,$6500,   / 2br -    ,   / 2br -    ,,
SF,Sep 18 2013,$8000,   / 2br -    ,   / 2br -    ,37.787642,-122.40343100000001
SF,Sep 18 2013,$4250,   / 2br -    ,   / 2br -    ,,
SF,Sep 18 2013,$4950,   / 2br -    ,   / 2br -    ,37.76676,-122.418403
SF,Sep 18 2013,$3575,   / 1br -    ,   / 1br -    ,37.78152,-122.43911399999999
SF,Sep 18 2013,$2195,      ,      ,37.768865000000005,-122.44838999999999
SF,Sep 18 2013,$3600,   / 2br - 1000ft² -    ,   / 2br - 1000ft² -    ,,
SF,Sep 18 2013,$3900,   / 2br - 1000ft² -    ,   / 2br - 1000ft² -    ,,
SF,Sep 18 2013,$5400,   / 3br - 1200ft² -    ,   / 3br - 1200ft² -    ,,
SF,Sep 17 2013,$2000,   / 1br -    ,   / 1br -    ,37.780714,-122.48048200000001
SF,Sep 17 2013,,  1br -    ,  1br -    ,,
SF,Sep 17 2013,$2575,   / 1br -    ,   / 1br -    ,37.789955,-122.410399
SF,Sep 17 2013,$3300,   / 2br -    ,   / 2br -    ,37.782044,-122.436876
SF,Sep 17 2013,,  1br -    ,  1br -    ,,
SF,Sep 17 2013,$2180,      ,      ,37.775940999999996,-122.39796899999999
SF,Sep 17 2013,$5200,   / 2br - 950ft² -    ,   / 2br - 950ft² -    ,37.786209,-122.398977
SF,Sep 17 2013,$4022,   / 2br - 1105ft² -    ,   / 2br - 1105ft² -    ,37.773167,-122.39666899999999
SF,Sep 17 2013,$4800,   / 2br - 1000ft² -    ,   / 2br - 1000ft² -    ,37.799125,-122.437592
SF,Sep 17 2013,$3629,   / 2br -    ,   / 2br -    ,37.753738,-122.46015700000001
SF,Sep 17 2013,,     ,     ,37.743386,-122.48109
SF,Sep 18 2013,$3000,      ,      ,37.78713,-122.42504699999999
SF,Sep 18 2013,$3520,   / 1br - 860ft² -    ,   / 1br - 860ft² -    ,37.773167,-122.39666899999999
SF,Sep 18 2013,$5157,   / 2br - 1224ft² -    ,   / 2br - 1224ft² -    ,,
SF,Sep 18 2013,$1000,   / 1br -    ,   / 1br -    ,37.783233,-122.409054
SF,Sep 18 2013,$2150,   / 370ft² -    ,   / 370ft² -    ,37.787301,-122.411406
SF,Sep 18 2013,$2950,   / 1br - 900ft² -    ,   / 1br - 900ft² -    ,37.77731,-122.446774
SF,Sep 18 2013,$2875,   / 1br - 644ft² -    ,   / 1br - 644ft² -    ,37.765739,-122.470727
SF,Sep 18 2013,$2528,      ,      ,37.757228999999995,-122.46193000000001
SF,Sep 18 2013,$2700,   / 1br -    ,   / 1br -    ,37.792593,-122.419402
SF,Sep 18 2013,$3335,   / 3br - 955ft² -    ,   / 3br - 955ft² -    ,37.791446,-122.47829899999999
SF,Sep 18 2013,$4295,   / 2br - 1200ft² -    ,   / 2br - 1200ft² -    ,37.789201,-122.446017
SF,Sep 18 2013,$14500,   / 5br -    ,   / 5br -    ,37.786364,-122.49025400000001
SF,Sep 18 2013,$6500,   / 2br - 2000ft² -    ,   / 2br - 2000ft² -    ,,
SF,Sep 18 2013,$5125,   / 2br -    ,   / 2br -    ,37.794508,-122.425697
SF,Sep 18 2013,$10995,   / 4br -    ,   / 4br -    ,,
SF,Sep 18 2013,$4600,   / 1br -    ,   / 1br -    ,37.794661,-122.43196200000001
SF,Sep 18 2013,$3750,   / 1br -    ,   / 1br -    ,37.794542,-122.42563200000001
SF,Sep 17 2013,$2100,   / 1br -    ,   / 1br -    ,,
SF,Sep 17 2013,$18000,   / 4br - 3300ft² -    ,   / 4br - 3300ft² -    ,,
SF,Sep 17 2013,$4300,   / 1br - 800ft² -    ,   / 1br - 800ft² -    ,37.795238,-122.419936
SF,Sep 17 2013,$3300,   / 1br - 667ft² -    ,   / 1br - 667ft² -    ,37.774179,-122.421668
SF,Sep 17 2013,$7995,   / 3br -    ,   / 3br -    ,37.791973,-122.44556200000001
SF,Sep 17 2013,$1645,      ,      ,37.781244,-122.459185
SF,Sep 17 2013,$5000,   / 3br -    ,   / 3br -    ,37.784438,-122.446247
SF,Sep 17 2013,$2000,   / 1br -    ,   / 1br -    ,37.746354,-122.408552
SF,Sep 17 2013,$5000,   / 2br - 1100ft² -    ,   / 2br - 1100ft² -    ,37.746323,-122.41056499999999
SF,Sep 17 2013,$8110,   / 3br - 1700ft² -    ,   / 3br - 1700ft² -    ,,
SF,Sep 17 2013,$8110,   / 3br - 1700ft² -    ,   / 3br - 1700ft² -    ,,
SF,Sep 18 2013,$8950,   / 3br - 1577ft² -    ,   / 3br - 1577ft² -    ,37.798434,-122.417524
SF,Sep 18 2013,$5800,   / 4br - 1400ft² -    ,   / 4br - 1400ft² -    ,37.760464,-122.41813400000001
SF,Sep 18 2013,$1800,   / 2br - 550ft² -    ,   / 2br - 550ft² -    ,37.716583,-122.451155
SF,Sep 18 2013,$5600,   / 2br - 1450ft² -    ,   / 2br - 1450ft² -    ,37.798111999999996,-122.44246799999999
SF,Sep 18 2013,$2850,   / 1br - 835ft² -    ,   / 1br - 835ft² -    ,37.780181,-122.409709
SF,Sep 18 2013,$2250,   / 460ft² -    ,   / 460ft² -    ,37.786538,-122.41388400000001
SF,Sep 18 2013,$2299,   / 1br - 406ft² -    ,   / 1br - 406ft² -    ,37.768226,-122.420777
SF,Sep 18 2013,$4200,   / 2br - 1100ft² -    ,   / 2br - 1100ft² -    ,,
SF,Sep 18 2013,$2466,   / 476ft² -    ,   / 476ft² -    ,37.776286999999996,-122.41718200000001
SF,Sep 18 2013,$3000,   / 2br -    ,   / 2br -    ,37.759381,-122.43333
SF,Sep 18 2013,$10800,   / 4br - 3000ft² -    ,   / 4br - 3000ft² -    ,37.801931,-122.441534
SF,Sep 18 2013,$3850,   / 1br - 3850ft² -    ,   / 1br - 3850ft² -    ,37.789844,-122.39068799999998
SF,Sep 18 2013,$2500,   / 2br - 1021ft² -    ,   / 2br - 1021ft² -    ,,
SF,Sep 18 2013,$1739,   / 510ft² -    ,   / 510ft² -    ,,
SF,Sep 18 2013,$4975,   / 4br -    ,   / 4br -    ,37.750951,-122.48698700000001
SF,Sep 18 2013,$11000,   / 3br -    ,   / 3br -    ,37.804359000000005,-122.437046
SF,Sep 18 2013,$7250,   / 2br - 1479ft² -    ,   / 2br - 1479ft² -    ,37.791153,-122.39581299999999
SF,Sep 18 2013,$5500,   / 2br - 1475ft² -    ,   / 2br - 1475ft² -    ,,
SF,Sep 18 2013,$8750,   / 3br -    ,   / 3br -    ,37.803237,-122.409749
SF,Sep 18 2013,$4950,   / 1br -    ,   / 1br -    ,37.793223,-122.41447
SF,Sep 18 2013,$5700,   / 2br - 1250ft² -    ,   / 2br - 1250ft² -    ,37.802201000000004,-122.41796599999999
SF,Sep 18 2013,$2600,   / 1br - 600ft² -    ,   / 1br - 600ft² -    ,37.744912,-122.418201
SF,Sep 17 2013,$2645,   / 1br -    ,   / 1br -    ,37.791975,-122.417174
SF,Sep 17 2013,$4395,   / 1br - 775ft² -    ,   / 1br - 775ft² -    ,37.786573,-122.39357199999999
SF,Sep 17 2013,$4395,   / 1br - 775ft² -    ,   / 1br - 775ft² -    ,37.786573,-122.39357199999999
SF,Sep 17 2013,$4400,   / 2br -    ,   / 2br -    ,37.792840999999996,-122.42451799999999
SF,Sep 17 2013,$4750,   / 3br - 2300ft² -    ,   / 3br - 2300ft² -    ,37.732588,-122.478351
SF,Sep 17 2013,$2675,   / 2br -    ,   / 2br -    ,37.750939,-122.46646899999999
SF,Sep 17 2013,$4200,   / 1br -    ,   / 1br -    ,,
SF,Sep 17 2013,$2909,   / 2br - 1015ft² -    ,   / 2br - 1015ft² -    ,37.712191,-122.49899599999999
SF,Sep 17 2013,$2095,      ,      ,37.77493,-122.41942
SF,Sep 17 2013,$1795,      ,      ,37.783212,-122.414138
SF,Sep 17 2013,$4400,      ,      ,,
SF,Sep 18 2013,$2950,   / 1br - 767ft² -    ,   / 1br - 767ft² -    ,37.75954,-122.462864
SF,Sep 18 2013,$2800,   / 2br -    ,   / 2br -    ,,
SF,Sep 18 2013,$1800,      ,      ,37.785376,-122.41626000000001
SF,Sep 18 2013,$3699,   / 2br - 932ft² -    ,   / 2br - 932ft² -    ,37.78317,-122.432681
SF,Sep 18 2013,$5120,   / 3br - 1150ft² -    ,   / 3br - 1150ft² -    ,37.78317,-122.432681
SF,Sep 18 2013,$3695,   / 1000ft² -    ,   / 1000ft² -    ,,
SF,Sep 18 2013,$5000,   / 2br - 900ft² -    ,   / 2br - 900ft² -    ,,
SF,Sep 18 2013,$6900,   / 5br - 1500ft² -    ,   / 5br - 1500ft² -    ,,
SF,Sep 18 2013,$2300,   / 2br -    ,   / 2br -    ,37.7593,-122.4836
SF,Sep 18 2013,$2300,   / 2br -    ,   / 2br -    ,37.7593,-122.4836
SF,Sep 18 2013,$2700,   / 2br - 1150ft² -    ,   / 2br - 1150ft² -    ,37.77493,-122.41942
SF,Sep 18 2013,$2350,   / 500ft² -    ,   / 500ft² -    ,37.806123,-122.41033
SF,Sep 18 2013,$8265,   / 4br -    ,   / 4br -    ,,
SF,Sep 18 2013,$3195,   / 2br -    ,   / 2br -    ,37.734856,-122.416172
SF,Sep 18 2013,$2495,   / 1br -    ,   / 1br -    ,,
SF,Sep 18 2013,$3995,   / 2br -    ,   / 2br -    ,37.786928,-122.456875
SF,Sep 18 2013,$2009,      ,      ,37.800934000000005,-122.40523999999999
SF,Sep 18 2013,$7900,   / 2br -    ,   / 2br -    ,37.756227,-122.432331
SF,Sep 18 2013,$2300,   / 1br - 468ft² -    ,   / 1br - 468ft² -    ,37.797028999999995,-122.435961
SF,Sep 18 2013,$3975,   / 2br -    ,   / 2br -    ,37.758835,-122.43373600000001
SF,Sep 18 2013,$6900,   / 3br -    ,   / 3br -    ,37.788185999999996,-122.446974
SF,Sep 18 2013,$4750,   / 1br -    ,   / 1br -    ,37.782751,-122.407871
SF,Sep 17 2013,$3675,   / 1br -    ,   / 1br -    ,37.790881,-122.410623
SF,Sep 17 2013,$1800,      ,      ,,
SF,Sep 17 2013,$3800,   / 2br -    ,   / 2br -    ,37.794976,-122.421986
SF,Sep 17 2013,$3298,   / 1br - 744ft² -    ,   / 1br - 744ft² -    ,,
SF,Sep 17 2013,$2400,   / 1br -    ,   / 1br -    ,37.762671000000005,-122.43518799999998
SF,Sep 17 2013,$2606,   / 476ft² -    ,   / 476ft² -    ,37.776286999999996,-122.41718200000001
SF,Sep 17 2013,$1700,   / 1br -    ,   / 1br -    ,37.784125,-122.468804
SF,Sep 17 2013,$2897,   / 1br - 625ft² -    ,   / 1br - 625ft² -    ,,
SF,Sep 17 2013,$2549,      ,      ,37.753738,-122.46015700000001
SF,Sep 17 2013,$3200,   / 3br - 1500ft² -    ,   / 3br - 1500ft² -    ,,
SF,Sep 17 2013,$9500,   / 3br - 1975ft² -    ,   / 3br - 1975ft² -    ,,
SF,Sep 18 2013,$4538,   / 2br - 1286ft² -    ,   / 2br - 1286ft² -    ,,
SF,Sep 18 2013,$5819,   / 2br -    ,   / 2br -    ,,
SF,Sep 18 2013,$2550,   / 1br -    ,   / 1br -    ,37.747474,-122.413552
SF,Sep 18 2013,$3450,   / 2br -    ,   / 2br -    ,37.789663,-122.442476
SF,Sep 18 2013,$5700,   / 3br - 1300ft² -    ,   / 3br - 1300ft² -    ,37.778504999999996,-122.405615
SF,Sep 18 2013,$3600,   / 1br -    ,   / 1br -    ,37.790881,-122.410623
SF,Sep 18 2013,$2700,   / 1br -    ,   / 1br -    ,37.755146999999994,-122.423584
SF,Sep 18 2013,$4100,   / 1br -    ,   / 1br -    ,37.781055,-122.402387
SF,Sep 18 2013,$3200,   / 1br -    ,   / 1br -    ,37.78009,-122.3943
SF,Sep 18 2013,$2675,   / 1br -    ,   / 1br -    ,37.755146999999994,-122.423584
SF,Sep 18 2013,$2325,   / 1br -    ,   / 1br -    ,37.764058,-122.419573
SF,Sep 18 2013,$5400,   / 2br -    ,   / 2br -    ,,
SF,Sep 17 2013,$2395,   / 1br -    ,   / 1br -    ,37.752626,-122.424054
SF,Sep 17 2013,$1695,      ,      ,37.784894,-122.44633300000001
SF,Sep 17 2013,$3300,   / 3br -    ,   / 3br -    ,,
SF,Sep 17 2013,$3300,   / 3br -    ,   / 3br -    ,,
SF,Sep 17 2013,$2050,      ,      ,37.802583,-122.429855
SF,Sep 17 2013,$2721,   / 567ft² -    ,   / 567ft² -    ,,
SF,Sep 17 2013,$4000,   / 1br -    ,   / 1br -    ,,
SF,Sep 17 2013,$2500,      ,      ,37.78713,-122.42504699999999
SF,Sep 17 2013,$2295,      ,      ,37.7917,-122.4186
SF,Sep 17 2013,$1550,      ,      ,37.780719,-122.41531599999999
SF,Sep 18 2013,$4200,   / 2br -    ,   / 2br -    ,37.781836,-122.438313
SF,Sep 18 2013,$5500,   / 2br -    ,   / 2br -    ,,
SF,Sep 18 2013,$3325,   / 1br -    ,   / 1br -    ,37.80376,-122.40556799999999
SF,Sep 18 2013,$3800,   / 1br -    ,   / 1br -    ,37.782457,-122.39284199999999
SF,Sep 18 2013,$6900,   / 4br - 2700ft² -    ,   / 4br - 2700ft² -    ,,
SF,Sep 18 2013,$7800,   / 2br -    ,   / 2br -    ,37.798373,-122.39859299999999
SF,Sep 18 2013,$3000,   / 1br -    ,   / 1br -    ,,
SF,Sep 18 2013,$4800,   / 3br -    ,   / 3br -    ,37.752458000000004,-122.39901200000001
SF,Sep 18 2013,$3800,   / 1br -    ,   / 1br -    ,37.763329999999996,-122.41293799999998
SF,Sep 18 2013,$2250,   / 1br - 650ft² -    ,   / 1br - 650ft² -    ,37.78859,-122.436324
SF,Sep 18 2013,$3200,   / 1br - 1000ft² -    ,   / 1br - 1000ft² -    ,37.79476,-122.424172
SF,Sep 18 2013,$1995,      ,      ,37.787454,-122.41499499999999
SF,Sep 18 2013,$2395,   / 1br -    ,   / 1br -    ,37.783516,-122.41588300000001
SF,Sep 18 2013,,     ,     ,,
SF,Sep 18 2013,$1995,      ,      ,37.783516,-122.41588300000001
SF,Sep 18 2013,$4000,   / 2br - 845ft² -    ,   / 2br - 845ft² -    ,37.788838,-122.391195
SF,Sep 18 2013,$3600,   / 1br - 840ft² -    ,   / 1br - 840ft² -    ,37.788838,-122.391195
SF,Sep 18 2013,$3995,   / 2br - 1200ft² -    ,   / 2br - 1200ft² -    ,37.759675,-122.40208
SF,Sep 18 2013,$11000,   / 3br - 1449ft² -    ,   / 3br - 1449ft² -    ,37.77493,-122.41942
SF,Sep 18 2013,$5400,   / 3br - 1500ft² -    ,   / 3br - 1500ft² -    ,37.788368,-122.430356
SF,Sep 18 2013,$3900,   / 1br - 800ft² -    ,   / 1br - 800ft² -    ,37.796287,-122.418462
SF,Sep 18 2013,$5200,   / 1br - 1200ft² -    ,   / 1br - 1200ft² -    ,37.5,-122.25
SF,Sep 17 2013,$1975,      ,      ,37.781702,-122.415128
SF,Sep 17 2013,$4100,   / 1br - 930ft² -    ,   / 1br - 930ft² -    ,37.790874,-122.425802
SF,Sep 17 2013,$2550,   / 1br -    ,   / 1br -    ,37.764367,-122.43099099999999
SF,Sep 17 2013,$1500,   / 1br -    ,   / 1br -    ,37.718651,-122.398699
SF,Sep 17 2013,$1995,      ,      ,37.790151,-122.40885300000001
SF,Sep 17 2013,$2395,   / 1br - 575ft² -    ,   / 1br - 575ft² -    ,,
SF,Sep 17 2013,$3600,   / 1br - 750ft² -    ,   / 1br - 750ft² -    ,37.78152,-122.43911399999999
SF,Sep 17 2013,$2350,   / 1ft² -    ,   / 1ft² -    ,,
SF,Sep 17 2013,$3248,   / 1br - 644ft² -    ,   / 1br - 644ft² -    ,37.773903000000004,-122.389948
SF,Sep 17 2013,$2750,   / 1br -    ,   / 1br -    ,37.761652000000005,-122.390573
SF,Sep 18 2013,$1495,      ,      ,37.785538,-122.412801
SF,Sep 18 2013,$3274,   / 1br - 758ft² -    ,   / 1br - 758ft² -    ,,
SF,Sep 18 2013,$3689,   / 2br -    ,   / 2br -    ,37.753738,-122.46015700000001
SF,Sep 18 2013,$3186,   / 1br - 740ft² -    ,   / 1br - 740ft² -    ,37.773167,-122.39666899999999
SF,Sep 18 2013,$3700,   / 1br - 950ft² -    ,   / 1br - 950ft² -    ,37.785334999999996,-122.424687
SF,Sep 18 2013,$2795,   / 1br -    ,   / 1br -    ,37.788082,-122.41005700000001
SF,Sep 18 2013,$2800,   / 2br -    ,   / 2br -    ,37.780645,-122.47071100000001
SF,Sep 18 2013,$2700,   / 2br - 800ft² -    ,   / 2br - 800ft² -    ,,
SF,Sep 18 2013,$2370,      ,      ,37.776619000000004,-122.417402
SF,Sep 18 2013,$2900,   / 1br - 750ft² -    ,   / 1br - 750ft² -    ,,
SF,Sep 18 2013,$3225,   / 1br -    ,   / 1br -    ,37.790881,-122.410623
SF,Sep 18 2013,$2674,      ,      ,,
SF,Sep 18 2013,$2960,   / 1br -    ,   / 1br -    ,37.7621,-122.3971
SF,Sep 18 2013,$5500,   / 3br -    ,   / 3br -    ,37.745252,-122.422308
SF,Sep 18 2013,$1400,      ,      ,37.778542,-122.410707
SF,Sep 18 2013,$2400,   / 2br - 700ft² -    ,   / 2br - 700ft² -    ,37.763037,-122.50825800000001
SF,Sep 18 2013,$3580,   / 3br -    ,   / 3br -    ,37.753296,-122.49790300000001
SF,Sep 18 2013,$4500,   / 2br - 1500ft² -    ,   / 2br - 1500ft² -    ,37.761021,-122.432794
SF,Sep 18 2013,$9500,   / 2br -    ,   / 2br -    ,37.787642,-122.40343100000001
SF,Sep 18 2013,$2606,   / 476ft² -    ,   / 476ft² -    ,,
SF,Sep 18 2013,$4750,   / 3br -    ,   / 3br -    ,37.787537,-122.43356399999999
SF,Sep 18 2013,$10100,   / 4br - 3000ft² -    ,   / 4br - 3000ft² -    ,,
SF,Sep 17 2013,$3055,   / 1br - 564ft² -    ,   / 1br - 564ft² -    ,37.7621,-122.3971
SF,Sep 17 2013,$3659,   / 2br -    ,   / 2br -    ,37.757228999999995,-122.46193000000001
SF,Sep 17 2013,$3807,   / 2br - 925ft² -    ,   / 2br - 925ft² -    ,37.785028999999994,-122.435653
SF,Sep 17 2013,$2650,   / 1br -    ,   / 1br -    ,,
SF,Sep 17 2013,$3195,   / 2br -    ,   / 2br -    ,,
SF,Sep 17 2013,$4395,   / 1br -    ,   / 1br -    ,37.787298,-122.394481
SF,Sep 17 2013,$2100,   / 1br - 650ft² -    ,   / 1br - 650ft² -    ,37.749118,-122.444872
SF,Sep 17 2013,$3850,   / 2br - 1200ft² -    ,   / 2br - 1200ft² -    ,37.775110999999995,-122.42936599999999
SF,Sep 17 2013,$2000,   / 1br -    ,   / 1br -    ,37.793178000000005,-122.40772700000001
SF,Sep 17 2013,$2255,   / 420ft² -    ,   / 420ft² -    ,37.788845,-122.41916100000002
SF,Sep 17 2013,$2506,      ,      ,37.776540999999995,-122.417501
SF,Sep 17 2013,$3995,   / 2br - 1100ft² -    ,   / 2br - 1100ft² -    ,,
SF,Sep 17 2013,$3900,   / 1br - 907ft² -    ,   / 1br - 907ft² -    ,37.7917,-122.4186
SF,Sep 17 2013,$2971,   / 1br - 565ft² -    ,   / 1br - 565ft² -    ,37.773167,-122.39666899999999
SF,Sep 17 2013,$2720,   / 1br - 665ft² -    ,   / 1br - 665ft² -    ,37.75954,-122.462864
SF,Sep 17 2013,$2195,   / 1br -    ,   / 1br -    ,37.784087,-122.415999
SF,Sep 17 2013,$2885,   / 1br - 644ft² -    ,   / 1br - 644ft² -    ,37.765688,-122.4718
SF,Sep 17 2013,$6800,   / 2br - 3000ft² -    ,   / 2br - 3000ft² -    ,37.771724,-122.4169
SF,Sep 17 2013,$4750,   / 2br - 1200ft² -    ,   / 2br - 1200ft² -    ,37.745494,-122.415764
SF,Sep 17 2013,$2265,   / 470ft² -    ,   / 470ft² -    ,,
SF,Sep 17 2013,$5100,   / 1br - 1440ft² -    ,   / 1br - 1440ft² -    ,37.7915,-122.4018
SF,Sep 18 2013,$3325,   / 1br - 854ft² -    ,   / 1br - 854ft² -    ,37.777138,-122.39305
SF,Sep 18 2013,$1825,      ,      ,37.764058,-122.419573
SF,Sep 18 2013,$2995,   / 1br -    ,   / 1br -    ,,
SF,Sep 18 2013,$2946,   / 1br - 2946ft² -    ,   / 1br - 2946ft² -    ,,
SF,Sep 18 2013,$4222,   / 2br - 1095ft² -    ,   / 2br - 1095ft² -    ,37.773167,-122.39666899999999
SF,Sep 18 2013,$3100,   / 1br -    ,   / 1br -    ,37.753145,-122.42298799999999
SF,Sep 18 2013,$2650,   / 1br -    ,   / 1br -    ,37.775009000000004,-122.43766299999999
SF,Sep 18 2013,$1999,      ,      ,37.776619000000004,-122.417402
SF,Sep 18 2013,$2300,   / 1br -    ,   / 1br -    ,37.790681,-122.412199
SF,Sep 18 2013,$2095,      ,      ,37.801598999999996,-122.430103
SF,Sep 17 2013,$2750,   / 2br -    ,   / 2br -    ,37.730411,-122.39128999999998
SF,Sep 17 2013,$2800,   / 2br -    ,   / 2br -    ,,
SF,Sep 17 2013,$1650,      ,      ,37.780719,-122.41531599999999
SF,Sep 17 2013,$7950,   / 3br -    ,   / 3br -    ,37.803284000000005,-122.44691
SF,Sep 17 2013,$4400,   / 2br -    ,   / 2br -    ,37.760427,-122.41096200000001
SF,Sep 17 2013,$3200,   / 1br -    ,   / 1br -    ,37.5,-122.25
SF,Sep 17 2013,$3995,   / 2br -    ,   / 2br -    ,37.777457,-122.41315800000001
SF,Sep 17 2013,$2660,   / 475ft² -    ,   / 475ft² -    ,,
SF,Sep 17 2013,$3050,   / 3br - 1250ft² -    ,   / 3br - 1250ft² -    ,37.6875,-122.4388
SF,Sep 17 2013,$1988,   / 1br -    ,   / 1br -    ,,
SF,Sep 18 2013,$2850,      ,      ,,
SF,Sep 18 2013,$2295,      ,      ,37.788995,-122.433145
SF,Sep 18 2013,$2013,      ,      ,,
SF,Sep 18 2013,$7200,   / 4br -    ,   / 4br -    ,37.778310999999995,-122.481381
SF,Sep 18 2013,$3374,   / 1br - 748ft² -    ,   / 1br - 748ft² -    ,,
SF,Sep 18 2013,$3300,   / 3br -    ,   / 3br -    ,,
SF,Sep 18 2013,$6000,   / 2br - 1310ft² -    ,   / 2br - 1310ft² -    ,37.789369,-122.39185800000001
SF,Sep 18 2013,$3300,   / 1br - 1000ft² -    ,   / 1br - 1000ft² -    ,37.757762,-122.4068
SF,Sep 18 2013,$1900,   / 1br -    ,   / 1br -    ,37.760028999999996,-122.47244599999999
SF,Sep 18 2013,$5800,   / 1br - 1200ft² -    ,   / 1br - 1200ft² -    ,37.800795,-122.40633899999999
SF,Sep 18 2013,$5800,   / 1br - 1200ft² -    ,   / 1br - 1200ft² -    ,37.800795,-122.40633899999999
SF,Sep 18 2013,$7500,   / 3br -    ,   / 3br -    ,37.802302000000005,-122.40956100000001
SF,Sep 18 2013,$5000,   / 2br -    ,   / 2br -    ,37.795464,-122.41829299999999
SF,Sep 18 2013,$2250,   / 1br -    ,   / 1br -    ,,
SF,Sep 18 2013,$6700,   / 2br - 1600ft² -    ,   / 2br - 1600ft² -    ,37.796367,-122.43365800000001
SF,Sep 18 2013,$5450,   / 2br - 2000ft² -    ,   / 2br - 2000ft² -    ,,
SF,Sep 18 2013,$7500,   / 3br -    ,   / 3br -    ,37.796991999999996,-122.428725
SF,Sep 18 2013,$4500,   / 2br - 1800ft² -    ,   / 2br - 1800ft² -    ,37.802954,-122.437206
SF,Sep 18 2013,$2750,   / 1br - 702ft² -    ,   / 1br - 702ft² -    ,37.784186,-122.390574
SF,Sep 17 2013,$4225,   / 2br - 761ft² -    ,   / 2br - 761ft² -    ,37.761324,-122.38864
SF,Sep 17 2013,$3434,   / 1br - 825ft² -    ,   / 1br - 825ft² -    ,37.78758,-122.39133600000001
SF,Sep 17 2013,$3350,   / 1br -    ,   / 1br -    ,37.799901,-122.40583400000001
SF,Sep 17 2013,$3195,   / 2br -    ,   / 2br -    ,37.770519,-122.45040800000001
SF,Sep 17 2013,$3300,   / 1br -    ,   / 1br -    ,37.793682000000004,-122.43211799999999
SF,Sep 17 2013,$2295,   / 1br - 800ft² -    ,   / 1br - 800ft² -    ,37.778724,-122.438552
SF,Sep 17 2013,$4570,   / 2br - 1098ft² -    ,   / 2br - 1098ft² -    ,37.7621,-122.3971
SF,Sep 17 2013,$4275,   / 2br - 1300ft² -    ,   / 2br - 1300ft² -    ,37.745958,-122.416409
SF,Sep 17 2013,$3780,   / 2br - 1667ft² -    ,   / 2br - 1667ft² -    ,,
SF,Sep 17 2013,$1950,   / 500ft² -    ,   / 500ft² -    ,37.779015,-122.40731399999999
SF,Sep 18 2013,$2450,   / 2br -    ,   / 2br -    ,37.779455,-122.49866499999999
SF,Sep 18 2013,$3000,   / 1br -    ,   / 1br -    ,37.797602000000005,-122.432223
SF,Sep 18 2013,$3400,   / 2br -    ,   / 2br -    ,,
SF,Sep 18 2013,$3335,   / 1br - 858ft² -    ,   / 1br - 858ft² -    ,,
SF,Sep 18 2013,$1700,   / 1br -    ,   / 1br -    ,37.774722,-122.439902
SF,Sep 18 2013,$850,   / 1br - 200ft² -    ,   / 1br - 200ft² -    ,37.708338,-122.434173
SF,Sep 18 2013,$1775,      ,      ,37.751669,-122.44624499999999
SF,Sep 18 2013,$1775,   / 1br -    ,   / 1br -    ,37.72317,-122.45275900000001
SF,Sep 18 2013,$3995,   / 2br -    ,   / 2br -    ,37.751571000000006,-122.42965900000002
SF,Sep 18 2013,$3200,   / 2br -    ,   / 2br -    ,37.800154,-122.40578400000001
SF,Sep 18 2013,$4500,   / 4br - 1993ft² -    ,   / 4br - 1993ft² -    ,37.762806,-122.49427
SF,Sep 18 2013,$3290,   / 437ft² -    ,   / 437ft² -    ,37.791474,-122.39231399999998
SF,Sep 18 2013,$2835,   / 1br -    ,   / 1br -    ,37.8002,-122.4091
SF,Sep 18 2013,$2885,   / 1br - 644ft² -    ,   / 1br - 644ft² -    ,37.765688,-122.4718
SF,Sep 18 2013,$2801,   / 1br - 625ft² -    ,   / 1br - 625ft² -    ,37.784960999999996,-122.43556699999999
SF,Sep 18 2013,$9999,   / 3br - 2735ft² -    ,   / 3br - 2735ft² -    ,37.798324,-122.440798
SF,Sep 18 2013,$2750,   / 1br -    ,   / 1br -    ,37.757826,-122.39021000000001
SF,Sep 18 2013,$2920,   / 1br - 630ft² -    ,   / 1br - 630ft² -    ,,
SF,Sep 18 2013,$4795,   / 4br - 1950ft² -    ,   / 4br - 1950ft² -    ,37.725583,-122.473869
SF,Sep 18 2013,$2995,   / 1br -    ,   / 1br -    ,37.746970000000005,-122.44481999999999
SF,Sep 18 2013,$3400,   / 1br -    ,   / 1br -    ,37.792224,-122.43113400000001
SF,Sep 17 2013,$2900,   / 3br -    ,   / 3br -    ,37.635934999999996,-122.48158500000001
SF,Sep 17 2013,$3676,   / 2br - 1694ft² -    ,   / 2br - 1694ft² -    ,,
SF,Sep 17 2013,$9500,   / 3br -    ,   / 3br -    ,37.800415,-122.42435900000001
SF,Sep 17 2013,$2484,      ,      ,,
SF,Sep 17 2013,$2245,   / 408ft² -    ,   / 408ft² -    ,,
SF,Sep 17 2013,$3780,   / 1br - 890ft² -    ,   / 1br - 890ft² -    ,37.774031,-122.395577
SF,Sep 17 2013,$4950,   / 2br -    ,   / 2br -    ,37.789590999999994,-122.42891599999999
SF,Sep 17 2013,$2750,   / 1br - 703ft² -    ,   / 1br - 703ft² -    ,37.786196000000004,-122.424858
SF,Sep 17 2013,$3300,   / 1br - 1000ft² -    ,   / 1br - 1000ft² -    ,37.767373,-122.43466599999999
SF,Sep 17 2013,$3250,   / 2br - 1400ft² -    ,   / 2br - 1400ft² -    ,37.749781,-122.432585
SF,Sep 17 2013,$2400,   / 370ft² -    ,   / 370ft² -    ,37.5,-122.25
SF,Sep 17 2013,$3150,   / 3br - 1600ft² -    ,   / 3br - 1600ft² -    ,37.723492,-122.454283
SF,Sep 17 2013,,  1br -    ,  1br -    ,,
SF,Sep 17 2013,$2100,      ,      ,,
SF,Sep 17 2013,$1725,      ,      ,,
SF,Sep 17 2013,$1850,      ,      ,,
SF,Sep 17 2013,$2100,      ,      ,,
SF,Sep 17 2013,$1995,      ,      ,37.789951,-122.41043300000001
SF,Sep 17 2013,$2150,   / 1br - 400ft² -    ,   / 1br - 400ft² -    ,37.774992,-122.410063
SF,Sep 17 2013,$1795,      ,      ,37.784087,-122.415999
SF,Sep 17 2013,$9500,   / 3br - 1975ft² -    ,   / 3br - 1975ft² -    ,37.785899,-122.39936999999999
South Bay,Sep 18 2013,$1650,   / 1br - 650ft² -    ,   / 1br - 650ft² -    ,37.336740999999996,-121.93726799999999
South Bay,Sep 18 2013,$2223,   / 2br - 1020ft² -    ,   / 2br - 1020ft² -    ,37.356241,-122.00057
South Bay,Sep 18 2013,$2150,   / 2br -    ,   / 2br -    ,,
South Bay,Sep 18 2013,$1895,   / 2br -    ,   / 2br -    ,,
South Bay,Sep 18 2013,$2600,   / 3br -    ,   / 3br -    ,,
South Bay,Sep 18 2013,$3100,   / 3br -    ,   / 3br -    ,,
South Bay,Sep 18 2013,$2295,   / 3br - 1200ft² -    ,   / 3br - 1200ft² -    ,,
South Bay,Sep 18 2013,$2414,   / 1br - 994ft² -    ,   / 1br - 994ft² -    ,37.326489,-121.898804
South Bay,Sep 18 2013,$2365,   / 2br - 942ft² -    ,   / 2br - 942ft² -    ,37.351084,-121.99316999999999
South Bay,Sep 18 2013,$1085,   / 410ft² -    ,   / 410ft² -    ,,
South Bay,Sep 18 2013,$1795,   / 2br -    ,   / 2br -    ,,
South Bay,Sep 18 2013,$1647,      ,      ,37.358888,-122.031478
South Bay,Sep 18 2013,$2256,   / 1br - 794ft² -    ,   / 1br - 794ft² -    ,,
South Bay,Sep 18 2013,$3044,   / 2br - 1296ft² -    ,   / 2br - 1296ft² -    ,37.326864,-121.89755900000002
South Bay,Sep 18 2013,$2035,   / 1br - 700ft² -    ,   / 1br - 700ft² -    ,,
South Bay,Sep 18 2013,$2402,   / 2br - 1033ft² -    ,   / 2br - 1033ft² -    ,,
South Bay,Sep 18 2013,$1875,   / 2br - 834ft² -    ,   / 2br - 834ft² -    ,37.362105,-121.854881
South Bay,Sep 18 2013,$2195,   / 2br -    ,   / 2br -    ,,
South Bay,Sep 18 2013,$3595,   / 3br -    ,   / 3br -    ,,
South Bay,Sep 18 2013,$2450,   / 3br - 1320ft² -    ,   / 3br - 1320ft² -    ,37.320141,-121.79556200000002
South Bay,Sep 18 2013,$2663,   / 2br - 1038ft² -    ,   / 2br - 1038ft² -    ,,
South Bay,Sep 18 2013,$2295,   / 2br - 1065ft² -    ,   / 2br - 1065ft² -    ,,
South Bay,Sep 18 2013,$2625,   / 2br - 950ft² -    ,   / 2br - 950ft² -    ,,
South Bay,Sep 18 2013,$2895,   / 3br -    ,   / 3br -    ,,
South Bay,Sep 18 2013,$1945,   / 2br - 850ft² -    ,   / 2br - 850ft² -    ,37.310642,-121.91796699999999
South Bay,Sep 18 2013,$3700,   / 3br - 1448ft² -    ,   / 3br - 1448ft² -    ,37.339131,-121.95555900000001
South Bay,Sep 18 2013,$1783,   / 1br - 760ft² -    ,   / 1br - 760ft² -    ,,
South Bay,Sep 18 2013,$2499,   / 3br - 1232ft² -    ,   / 3br - 1232ft² -    ,,
South Bay,Sep 18 2013,$1795,   / 2br - 900ft² -    ,   / 2br - 900ft² -    ,37.269425,-121.958199
South Bay,Sep 18 2013,$1562,   / 1br - 605ft² -    ,   / 1br - 605ft² -    ,,
South Bay,Sep 18 2013,$2897,   / 2br - 1204ft² -    ,   / 2br - 1204ft² -    ,,
South Bay,Sep 18 2013,$1550,   / 2br -    ,   / 2br -    ,,
South Bay,Sep 18 2013,$1995,   / 2br - 1140ft² -    ,   / 2br - 1140ft² -    ,37.327476000000004,-121.86845500000001
South Bay,Sep 18 2013,$2095,   / 1br -    ,   / 1br -    ,,
South Bay,Sep 18 2013,$1925,   / 2br - 883ft² -    ,   / 2br - 883ft² -    ,,
South Bay,Sep 18 2013,$1700,   / 1br - 625ft² -    ,   / 1br - 625ft² -    ,37.363735,-121.911375
South Bay,Sep 18 2013,$1695,   / 2br - 750ft² -    ,   / 2br - 750ft² -    ,,
South Bay,Sep 18 2013,$1825,   / 2br - 800ft² -    ,   / 2br - 800ft² -    ,,
South Bay,Sep 18 2013,$2196,   / 2br - 925ft² -    ,   / 2br - 925ft² -    ,37.337340999999995,-121.95016799999999
South Bay,Sep 18 2013,$1765,   / 1br -    ,   / 1br -    ,,
South Bay,Sep 18 2013,$2600,   / 3br - 1555ft² -    ,   / 3br - 1555ft² -    ,,
South Bay,Sep 18 2013,$750,   / 3br - 850ft² -    ,   / 3br - 850ft² -    ,37.090651,-121.018009
South Bay,Sep 18 2013,$2950,   / 4br - 2685ft² -    ,   / 4br - 2685ft² -    ,37.366883,-121.863956
South Bay,Sep 18 2013,$2150,   / 2br - 1012ft² -    ,   / 2br - 1012ft² -    ,37.34565,-121.99486100000001
South Bay,Sep 18 2013,$2477,   / 2br - 1015ft² -    ,   / 2br - 1015ft² -    ,,
South Bay,Sep 18 2013,$1721,   / 1br -    ,   / 1br -    ,,
South Bay,Sep 18 2013,$2195,   / 2br -    ,   / 2br -    ,37.353241,-122.00327
South Bay,Sep 18 2013,$2850,   / 4br - 1680ft² -    ,   / 4br - 1680ft² -    ,37.2974,-121.7562
South Bay,Sep 18 2013,$2250,   / 1br - 750ft² -    ,   / 1br - 750ft² -    ,,
South Bay,Sep 18 2013,$1300,   / 1br - 600ft² -    ,   / 1br - 600ft² -    ,,
South Bay,Sep 18 2013,$2230,   / 2br - 900ft² -    ,   / 2br - 900ft² -    ,,
South Bay,Sep 18 2013,$2139,   / 2br - 900ft² -    ,   / 2br - 900ft² -    ,,
South Bay,Sep 18 2013,$2045,   / 1br - 714ft² -    ,   / 1br - 714ft² -    ,,
South Bay,Sep 18 2013,$1724,   / 1br - 732ft² -    ,   / 1br - 732ft² -    ,,
South Bay,Sep 18 2013,$1770,   / 1br - 825ft² -    ,   / 1br - 825ft² -    ,37.318725,-121.97291899999999
South Bay,Sep 18 2013,$2300,   / 2br -    ,   / 2br -    ,,
South Bay,Sep 18 2013,$2800,   / 3br - 1827ft² -    ,   / 3br - 1827ft² -    ,37.232551,-121.761979
South Bay,Sep 18 2013,$2380,   / 3br - 1500ft² -    ,   / 3br - 1500ft² -    ,37.437896,-121.87359099999999
South Bay,Sep 18 2013,$2575,   / 2br -    ,   / 2br -    ,37.410399,-122.09321100000001
South Bay,Sep 18 2013,$2930,   / 1br - 1100ft² -    ,   / 1br - 1100ft² -    ,37.320209000000006,-121.94768400000001
South Bay,Sep 18 2013,$2200,   / 2br - 930ft² -    ,   / 2br - 930ft² -    ,,
South Bay,Sep 18 2013,$1450,   / 2br - 800ft² -    ,   / 2br - 800ft² -    ,37.311855,-121.909218
South Bay,Sep 18 2013,$2680,   / 3br - 1593ft² -    ,   / 3br - 1593ft² -    ,37.240342999999996,-121.850163
South Bay,Sep 18 2013,$1650,   / 2br - 900ft² -    ,   / 2br - 900ft² -    ,37.258296,-121.87948899999999
South Bay,Sep 18 2013,$1990,   / 2br - 1020ft² -    ,   / 2br - 1020ft² -    ,37.37644,-122.054572
South Bay,Sep 18 2013,$1995,   / 3br - 1000ft² -    ,   / 3br - 1000ft² -    ,37.436908,-121.910956
SF,Sep 18 2013,$3400,   / 1br - 605ft² -    ,   / 1br - 605ft² -    ,37.779761,-122.392816
SF,Sep 18 2013,$2850,   / 1br -    ,   / 1br -    ,37.779924,-122.42159
SF,Sep 18 2013,$5500,   / 3br - 2520ft² -    ,   / 3br - 2520ft² -    ,37.774192,-122.48968
SF,Sep 18 2013,$4590,   / 2br - 785ft² -    ,   / 2br - 785ft² -    ,37.779761,-122.392816
SF,Sep 18 2013,$2795,   / 1br - 650ft² -    ,   / 1br - 650ft² -    ,37.75954,-122.462864
SF,Sep 18 2013,$3750,   / 3br - 1500ft² -    ,   / 3br - 1500ft² -    ,37.714908,-122.459046
SF,Sep 18 2013,$3850,   / 2br -    ,   / 2br -    ,37.805205,-122.409299
SF,Sep 18 2013,$6000,   / 3br - 1800ft² -    ,   / 3br - 1800ft² -    ,37.787545,-122.44456100000001
SF,Sep 18 2013,$3200,   / 3br -    ,   / 3br -    ,,
SF,Sep 18 2013,$3500,   / 3br -    ,   / 3br -    ,37.785728000000006,-122.478692
SF,Sep 18 2013,$3065,   / 1br - 734ft² -    ,   / 1br - 734ft² -    ,,
SF,Sep 18 2013,$2950,   / 1br -    ,   / 1br -    ,,
SF,Sep 18 2013,$3350,   / 2br - 900ft² -    ,   / 2br - 900ft² -    ,37.749221,-122.42994499999999
SF,Sep 18 2013,$1595,      ,      ,,
SF,Sep 18 2013,$3595,   / 1br - 730ft² -    ,   / 1br - 730ft² -    ,,
SF,Sep 18 2013,$1200,   / 264ft² -    ,   / 264ft² -    ,,
SF,Sep 18 2013,$1495,      ,      ,,
SF,Sep 18 2013,$2200,   / 1br - 550ft² -    ,   / 1br - 550ft² -    ,37.79365,-122.412874
SF,Sep 18 2013,$3650,   / 1br - 756ft² -    ,   / 1br - 756ft² -    ,,
SF,Sep 18 2013,$5545,   / 3br - 1456ft² -    ,   / 3br - 1456ft² -    ,,
SF,Sep 17 2013,$5200,   / 3br - 1500ft² -    ,   / 3br - 1500ft² -    ,37.722762,-122.45614499999999
SF,Sep 17 2013,$2721,   / 567ft² -    ,   / 567ft² -    ,37.785046,-122.435675
SF,Sep 17 2013,$3970,   / 3br - 1265ft² -    ,   / 3br - 1265ft² -    ,37.745296,-122.44008799999999
SF,Sep 17 2013,$3950,   / 2br -    ,   / 2br -    ,37.762088,-122.428431
SF,Sep 17 2013,$2800,   / 2br - 1400ft² -    ,   / 2br - 1400ft² -    ,37.754481,-122.46564599999999
SF,Sep 17 2013,$4900,   / 2br - 1200ft² -    ,   / 2br - 1200ft² -    ,37.764094,-122.44529399999999
SF,Sep 17 2013,$2175,   / 2br -    ,   / 2br -    ,,
SF,Sep 17 2013,$2800,   / 1br - 550ft² -    ,   / 1br - 550ft² -    ,37.803135,-122.418151
SF,Sep 17 2013,$2970,   / 1br - 631ft² -    ,   / 1br - 631ft² -    ,37.75954,-122.462864
SF,Sep 17 2013,$3251,   / 1br - 769ft² -    ,   / 1br - 769ft² -    ,,
SF,Sep 18 2013,$2374,      ,      ,,
SF,Sep 18 2013,$2599,      ,      ,,
SF,Sep 18 2013,$3700,   / 2br - 995ft² -    ,   / 2br - 995ft² -    ,37.744606,-122.439559
SF,Sep 18 2013,$1695,   / 1br - 436ft² -    ,   / 1br - 436ft² -    ,37.800259999999994,-122.43276000000002
SF,Sep 18 2013,$2800,   / 1br -    ,   / 1br -    ,37.774181,-122.42917800000001
SF,Sep 18 2013,$1700,   / 1br -    ,   / 1br -    ,37.784125,-122.468804
SF,Sep 18 2013,$2575,   / 1br -    ,   / 1br -    ,37.789955,-122.410399
SF,Sep 18 2013,$2940,      ,      ,37.777138,-122.39305
SF,Sep 18 2013,$2885,   / 2br - 940ft² -    ,   / 2br - 940ft² -    ,,
SF,Sep 18 2013,$9000,   / 3br - 2300ft² -    ,   / 3br - 2300ft² -    ,37.777068,-122.436507
SF,Sep 18 2013,$3600,   / 3br -    ,   / 3br -    ,,
SF,Sep 18 2013,$2600,   / 2br - 1250ft² -    ,   / 2br - 1250ft² -    ,,
SF,Sep 18 2013,$13000,   / 4br - 2900ft² -    ,   / 4br - 2900ft² -    ,37.80485,-122.442126
SF,Sep 18 2013,$4850,   / 2br - 1486ft² -    ,   / 2br - 1486ft² -    ,37.801041,-122.44306200000001
SF,Sep 18 2013,$2195,      ,      ,37.789031,-122.42486000000001
SF,Sep 18 2013,$5300,   / 2br -    ,   / 2br -    ,,
SF,Sep 18 2013,$3000,   / 1br -    ,   / 1br -    ,37.796481,-122.42525
SF,Sep 18 2013,$4295,   / 3br -    ,   / 3br -    ,37.784853000000005,-122.46563200000001
SF,Sep 18 2013,$2195,      ,      ,37.794144,-122.42140400000001
SF,Sep 18 2013,$2950,   / 1br -    ,   / 1br -    ,37.786899,-122.388779
SF,Sep 18 2013,$5850,   / 2br - 1200ft² -    ,   / 2br - 1200ft² -    ,37.788104,-122.39028
SF,Sep 18 2013,$4950,   / 3br - 1700ft² -    ,   / 3br - 1700ft² -    ,37.777737,-122.47054299999999
SF,Sep 17 2013,$3500,   / 2br -    ,   / 2br -    ,37.745,-122.4383
SF,Sep 17 2013,$4200,   / 2br - 940ft² -    ,   / 2br - 940ft² -    ,37.74367,-122.427167
SF,Sep 17 2013,$2657,   / 583ft² -    ,   / 583ft² -    ,37.776286999999996,-122.41718200000001
SF,Sep 17 2013,$4200,   / 2br -    ,   / 2br -    ,37.775261,-122.40040900000001
SF,Sep 17 2013,$2500,   / 1br - 500ft² -    ,   / 1br - 500ft² -    ,,
SF,Sep 17 2013,$3374,   / 1br - 787ft² -    ,   / 1br - 787ft² -    ,,
SF,Sep 17 2013,$4365,   / 2br - 1500ft² -    ,   / 2br - 1500ft² -    ,37.765931,-122.445159
SF,Sep 17 2013,$2300,   / 3br - 1500ft² -    ,   / 3br - 1500ft² -    ,,
SF,Sep 17 2013,$2350,   / 1br - 750ft² -    ,   / 1br - 750ft² -    ,,
SF,Sep 17 2013,$3574,   / 1br - 880ft² -    ,   / 1br - 880ft² -    ,37.773167,-122.39666899999999
SF,Sep 17 2013,$3500,   / 4br - 1850ft² -    ,   / 4br - 1850ft² -    ,37.726065999999996,-122.46078700000001
SF,Sep 18 2013,$3055,   / 1br -    ,   / 1br -    ,37.7621,-122.3971
SF,Sep 18 2013,$3300,   / 1br - 667ft² -    ,   / 1br - 667ft² -    ,37.774179,-122.421668
SF,Sep 18 2013,$3845,   / 2br - 1077ft² -    ,   / 2br - 1077ft² -    ,37.788539,-122.429014
SF,Sep 18 2013,$3500,   / 2br - 1000ft² -    ,   / 2br - 1000ft² -    ,37.750628000000006,-122.431794
SF,Sep 18 2013,$2195,   / 1br -    ,   / 1br -    ,37.784087,-122.415999
SF,Sep 18 2013,$3300,   / 1br -    ,   / 1br -    ,37.793223,-122.41447
SF,Sep 18 2013,$1725,      ,      ,37.785087,-122.41282700000001
SF,Sep 18 2013,$3400,   / 1br - 680ft² -    ,   / 1br - 680ft² -    ,,
SF,Sep 18 2013,$2900,   / 2br - 800ft² -    ,   / 2br - 800ft² -    ,37.773133,-122.437423
SF,Sep 18 2013,$1895,      ,      ,37.788469,-122.414548
SF,Sep 18 2013,$3195,   / 1br -    ,   / 1br -    ,,
SF,Sep 18 2013,$1495,   / 500ft² -    ,   / 500ft² -    ,37.7813,-122.4167
SF,Sep 18 2013,$2800,   / 1br -    ,   / 1br -    ,37.80485,-122.442126
SF,Sep 18 2013,$2990,   / 3br -    ,   / 3br -    ,,
SF,Sep 18 2013,$2499,   / 2br - 970ft² -    ,   / 2br - 970ft² -    ,,
SF,Sep 18 2013,$3190,   / 2br - 1087ft² -    ,   / 2br - 1087ft² -    ,,
SF,Sep 18 2013,$1650,   / 365ft² -    ,   / 365ft² -    ,37.785928000000006,-122.414603
SF,Sep 18 2013,$9000,   / 2br -    ,   / 2br -    ,37.787642,-122.40343100000001
SF,Sep 18 2013,$2709,   / 1br -    ,   / 1br -    ,,
SF,Sep 18 2013,$2799,   / 1br -    ,   / 1br -    ,,
SF,Sep 18 2013,$2684,   / 1br -    ,   / 1br -    ,,
SF,Sep 18 2013,$2684,      ,      ,,
SF,Sep 17 2013,$2200,   / 370ft² -    ,   / 370ft² -    ,37.5,-122.25
SF,Sep 17 2013,$4495,   / 2br - 1250ft² -    ,   / 2br - 1250ft² -    ,37.801838000000004,-122.443223
SF,Sep 17 2013,$5200,   / 3br - 1500ft² -    ,   / 3br - 1500ft² -    ,37.722762,-122.45614499999999
SF,Sep 17 2013,$2875,   / 1br - 644ft² -    ,   / 1br - 644ft² -    ,37.765739,-122.470727
SF,Sep 17 2013,$3500,   / 2br -    ,   / 2br -    ,37.801196999999995,-122.412355
SF,Sep 17 2013,$7498,   / 3br -    ,   / 3br -    ,37.801216,-122.41236
SF,Sep 17 2013,$2950,   / 3br -    ,   / 3br -    ,37.754099,-122.47968700000001
SF,Sep 17 2013,$3395,   / 1br - 660ft² -    ,   / 1br - 660ft² -    ,37.78317,-122.432681
SF,Sep 17 2013,$3374,   / 1br - 748ft² -    ,   / 1br - 748ft² -    ,,
SF,Sep 17 2013,$1999,   / 1br -    ,   / 1br -    ,,
SF,Sep 17 2013,$9000,   / 3br - 3200ft² -    ,   / 3br - 3200ft² -    ,,
SF,Sep 17 2013,$3500,   / 1br - 807ft² -    ,   / 1br - 807ft² -    ,,
SF,Sep 17 2013,$3800,   / 2br - 1200ft² -    ,   / 2br - 1200ft² -    ,37.754309,-122.41074499999999
SF,Sep 17 2013,$2999,   / 1br -    ,   / 1br -    ,37.793934,-122.43014
SF,Sep 17 2013,$4600,   / 2br - 1137ft² -    ,   / 2br - 1137ft² -    ,,
SF,Sep 17 2013,$4500,   / 3br -    ,   / 3br -    ,37.75874,-122.39518799999999
SF,Sep 17 2013,$2761,   / 557ft² -    ,   / 557ft² -    ,37.784960999999996,-122.435696
SF,Sep 17 2013,$4800,   / 1br - 1100ft² -    ,   / 1br - 1100ft² -    ,37.792217,-122.429447
SF,Sep 17 2013,$6500,   / 2br - 1400ft² -    ,   / 2br - 1400ft² -    ,37.792234,-122.429313
SF,Sep 17 2013,$1595,      ,      ,,
SF,Sep 17 2013,$2995,   / 3br -    ,   / 3br -    ,37.761516,-122.507079
SF,Sep 17 2013,$8000,   / 5br -    ,   / 5br -    ,37.796095,-122.42011000000001
South Bay,Sep 18 2013,$2395,   / 3br -    ,   / 3br -    ,,
South Bay,Sep 18 2013,$1998,   / 3br -    ,   / 3br -    ,37.4272,-121.972954
South Bay,Sep 18 2013,$1985,   / 2br -    ,   / 2br -    ,,
South Bay,Sep 18 2013,$2795,   / 2br - 1140ft² -    ,   / 2br - 1140ft² -    ,,
South Bay,Sep 18 2013,$3690,   / 3br - 1600ft² -    ,   / 3br - 1600ft² -    ,37.338241,-122.00757
South Bay,Sep 18 2013,$1095,   / 1br -    ,   / 1br -    ,37.366681,-121.900624
South Bay,Sep 18 2013,$1845,   / 1br - 700ft² -    ,   / 1br - 700ft² -    ,,
South Bay,Sep 18 2013,$1937,      ,      ,37.398324,-121.92026100000001
South Bay,Sep 18 2013,$2625,   / 2br - 1050ft² -    ,   / 2br - 1050ft² -    ,37.326164,-122.069076
South Bay,Sep 18 2013,$1795,   / 2br - 959ft² -    ,   / 2br - 959ft² -    ,37.255336,-121.827049
South Bay,Sep 18 2013,$2315,   / 1br - 810ft² -    ,   / 1br - 810ft² -    ,,
South Bay,Sep 18 2013,$2145,   / 2br - 874ft² -    ,   / 2br - 874ft² -    ,37.376688,-122.060616
South Bay,Sep 18 2013,$2023,   / 1br - 737ft² -    ,   / 1br - 737ft² -    ,,
South Bay,Sep 18 2013,$2801,   / 2br - 1173ft² -    ,   / 2br - 1173ft² -    ,37.316841,-121.91096599999999
South Bay,Sep 18 2013,$2675,   / 2br - 852ft² -    ,   / 2br - 852ft² -    ,,
South Bay,Sep 18 2013,$3219,   / 2br - 1412ft² -    ,   / 2br - 1412ft² -    ,,
South Bay,Sep 18 2013,$2007,   / 1br - 737ft² -    ,   / 1br - 737ft² -    ,37.351310999999995,-121.89116499999999
South Bay,Sep 18 2013,$3400,   / 2br - 850ft² -    ,   / 2br - 850ft² -    ,,
South Bay,Sep 18 2013,$2440,   / 1br - 823ft² -    ,   / 1br - 823ft² -    ,,
South Bay,Sep 18 2013,$3235,   / 2br - 1016ft² -    ,   / 2br - 1016ft² -    ,,
South Bay,Sep 18 2013,$3882,   / 2br - 1176ft² -    ,   / 2br - 1176ft² -    ,37.389801,-122.08579399999999
South Bay,Sep 18 2013,$2495,   / 3br - 1312ft² -    ,   / 3br - 1312ft² -    ,37.275642,-121.81836200000001
South Bay,Sep 18 2013,$1650,   / 2br - 903ft² -    ,   / 2br - 903ft² -    ,37.253678,-121.82636200000002
South Bay,Sep 18 2013,$2628,   / 2br -    ,   / 2br -    ,,
South Bay,Sep 18 2013,$1525,   / 1br - 672ft² -    ,   / 1br - 672ft² -    ,37.269323,-121.958199
South Bay,Sep 18 2013,$2500,   / 3br - 1300ft² -    ,   / 3br - 1300ft² -    ,,
South Bay,Sep 18 2013,$3495,   / 4br -    ,   / 4br -    ,,
South Bay,Sep 18 2013,$1992,   / 2br - 983ft² -    ,   / 2br - 983ft² -    ,37.402885999999995,-121.881552
South Bay,Sep 18 2013,$2499,   / 3br - 1232ft² -    ,   / 3br - 1232ft² -    ,,
South Bay,Sep 18 2013,$1995,   / 2br -    ,   / 2br -    ,37.351809,-122.03322
South Bay,Sep 18 2013,$2350,   / 2br - 966ft² -    ,   / 2br - 966ft² -    ,,
South Bay,Sep 18 2013,$1875,   / 1br -    ,   / 1br -    ,,
South Bay,Sep 18 2013,$3000,   / 5br - 3002ft² -    ,   / 5br - 3002ft² -    ,37.025047,-121.586753
South Bay,Sep 18 2013,$3350,   / 3br - 1934ft² -    ,   / 3br - 1934ft² -    ,37.351949,-121.890934
South Bay,Sep 18 2013,$3700,   / 3br - 1500ft² -    ,   / 3br - 1500ft² -    ,,
South Bay,Sep 18 2013,$1850,   / 2br - 913ft² -    ,   / 2br - 913ft² -    ,,
South Bay,Sep 18 2013,$2725,   / 3br - 1180ft² -    ,   / 3br - 1180ft² -    ,37.23387,-121.765542
South Bay,Sep 18 2013,$1867,   / 1br -    ,   / 1br -    ,37.366541999999995,-122.024052
South Bay,Sep 18 2013,$2750,   / 4br - 1681ft² -    ,   / 4br - 1681ft² -    ,,
South Bay,Sep 18 2013,$1395,   / 1br - 650ft² -    ,   / 1br - 650ft² -    ,37.382383000000004,-122.06698899999999
South Bay,Sep 18 2013,$1725,   / 1br - 700ft² -    ,   / 1br - 700ft² -    ,37.400765,-122.09277900000001
South Bay,Sep 18 2013,$1765,   / 1br -    ,   / 1br -    ,,
South Bay,Sep 18 2013,$1968,   / 1br -    ,   / 1br -    ,37.332699,-122.03819299999999
South Bay,Sep 18 2013,$1875,   / 2br - 820ft² -    ,   / 2br - 820ft² -    ,37.42739,-121.88136899999999
South Bay,Sep 18 2013,$3500,   / 4br - 2563ft² -    ,   / 4br - 2563ft² -    ,37.1305,-121.65438999999999
South Bay,Sep 18 2013,$2186,   / 3br - 1235ft² -    ,   / 3br - 1235ft² -    ,,
South Bay,Sep 18 2013,$3500,   / 4br - 2563ft² -    ,   / 4br - 2563ft² -    ,37.1305,-121.65438999999999
South Bay,Sep 18 2013,$2664,   / 2br - 983ft² -    ,   / 2br - 983ft² -    ,37.412744,-121.938157
South Bay,Sep 18 2013,$2050,   / 2br - 978ft² -    ,   / 2br - 978ft² -    ,37.311842999999996,-121.80501299999999
South Bay,Sep 18 2013,$3219,   / 3br - 1212ft² -    ,   / 3br - 1212ft² -    ,37.322542,-122.02356999999999
South Bay,Sep 18 2013,$2295,   / 1br - 850ft² -    ,   / 1br - 850ft² -    ,37.322642,-122.03251599999999
South Bay,Sep 18 2013,$2898,   / 3br -    ,   / 3br -    ,37.359338,-122.050428
South Bay,Sep 18 2013,$2435,   / 2br - 915ft² -    ,   / 2br - 915ft² -    ,37.383033000000005,-122.040687
South Bay,Sep 18 2013,$2300,   / 2br - 900ft² -    ,   / 2br - 900ft² -    ,37.384728,-121.880311
South Bay,Sep 18 2013,$1895,   / 1br - 740ft² -    ,   / 1br - 740ft² -    ,37.410511,-122.119367
South Bay,Sep 18 2013,$2500,   / 3br - 1125ft² -    ,   / 3br - 1125ft² -    ,,
South Bay,Sep 18 2013,$3300,   / 4br - 3600ft² -    ,   / 4br - 3600ft² -    ,37.395852000000005,-121.836298
South Bay,Sep 18 2013,$2500,   / 3br - 1280ft² -    ,   / 3br - 1280ft² -    ,,
South Bay,Sep 18 2013,$2145,   / 2br - 1440ft² -    ,   / 2br - 1440ft² -    ,37.275163,-121.842027
South Bay,Sep 18 2013,,  2br -    ,  2br -    ,37.316041999999996,-121.938767
South Bay,Sep 18 2013,$1400,   / 1br -    ,   / 1br -    ,37.274743,-121.92296599999999
South Bay,Sep 18 2013,$1300,   / 1br -    ,   / 1br -    ,,
South Bay,Sep 18 2013,$1525,   / 1br - 648ft² -    ,   / 1br - 648ft² -    ,,
South Bay,Sep 18 2013,$3800,   / 4br - 1800ft² -    ,   / 4br - 1800ft² -    ,37.3066,-122.0002
South Bay,Sep 18 2013,$1522,   / 1br - 722ft² -    ,   / 1br - 722ft² -    ,37.266543,-121.83116299999999
South Bay,Sep 18 2013,$2975,   / 2br - 1100ft² -    ,   / 2br - 1100ft² -    ,37.22592,-121.986179
South Bay,Sep 18 2013,$2750,   / 4br - 1803ft² -    ,   / 4br - 1803ft² -    ,37.308040999999996,-121.78556200000001
South Bay,Sep 18 2013,$1595,   / 2br -    ,   / 2br -    ,,
South Bay,Sep 18 2013,$1700,   / 2br - 984ft² -    ,   / 2br - 984ft² -    ,37.374505,-121.849007
South Bay,Sep 18 2013,$2134,   / 1br - 767ft² -    ,   / 1br - 767ft² -    ,37.370164,-122.05743999999999
South Bay,Sep 18 2013,$2145,   / 1br - 860ft² -    ,   / 1br - 860ft² -    ,37.309312,-121.92301599999999
South Bay,Sep 18 2013,$1833,   / 1br -    ,   / 1br -    ,37.358888,-122.031478
South Bay,Sep 18 2013,$1949,   / 2br - 950ft² -    ,   / 2br - 950ft² -    ,,
South Bay,Sep 18 2013,$1300,   / 400ft² -    ,   / 400ft² -    ,,
South Bay,Sep 18 2013,$1995,   / 2br - 1200ft² -    ,   / 2br - 1200ft² -    ,,
SF,Sep 18 2013,$1950,   / 490ft² -    ,   / 490ft² -    ,,
SF,Sep 18 2013,$3374,   / 1br - 748ft² -    ,   / 1br - 748ft² -    ,,
SF,Sep 18 2013,$2595,   / 1br -    ,   / 1br -    ,37.799704,-122.407395
SF,Sep 18 2013,$2897,   / 625ft² -    ,   / 625ft² -    ,37.784995,-122.435653
SF,Sep 18 2013,$1750,      ,      ,,
SF,Sep 18 2013,$4100,   / 2br -    ,   / 2br -    ,,
SF,Sep 18 2013,$4350,   / 3br -    ,   / 3br -    ,,
SF,Sep 18 2013,$6950,   / 2br -    ,   / 2br -    ,,
SF,Sep 18 2013,$4300,   / 1br -    ,   / 1br -    ,,
SF,Sep 18 2013,$3300,   / 3br -    ,   / 3br -    ,37.776074,-122.43867900000001
SF,Sep 18 2013,$4295,   / 2br -    ,   / 2br -    ,37.775976,-122.406876
SF,Sep 18 2013,$2255,   / 500ft² -    ,   / 500ft² -    ,,
SF,Sep 18 2013,$1895,   / 1br -    ,   / 1br -    ,37.766374,-122.452947
SF,Sep 18 2013,$7000,   / 3br - 2400ft² -    ,   / 3br - 2400ft² -    ,37.792472,-122.43455800000001
SF,Sep 18 2013,$3350,   / 1br -    ,   / 1br -    ,37.773647,-122.39606200000001
SF,Sep 18 2013,$3500,   / 1br -    ,   / 1br -    ,,
SF,Sep 18 2013,$8450,   / 2br - 1862ft² -    ,   / 2br - 1862ft² -    ,37.748622,-122.442555
SF,Sep 18 2013,$2290,   / 500ft² -    ,   / 500ft² -    ,37.786649,-122.413799
SF,Sep 18 2013,$4795,   / 3br -    ,   / 3br -    ,,
SF,Sep 18 2013,$2075,      ,      ,37.797298,-122.420355
SF,Sep 18 2013,$3500,   / 2br -    ,   / 2br -    ,37.780393,-122.458802
SF,Sep 17 2013,$2695,   / 1br -    ,   / 1br -    ,,
SF,Sep 17 2013,$3489,   / 3br -    ,   / 3br -    ,37.750085,-122.48585700000001
SF,Sep 17 2013,$2360,   / 1br - 804ft² -    ,   / 1br - 804ft² -    ,,
SF,Sep 17 2013,$2650,   / 2br -    ,   / 2br -    ,37.78216,-122.48166
SF,Sep 17 2013,$4000,   / 4br -    ,   / 4br -    ,37.77935,-122.500803
SF,Sep 17 2013,$3210,   / 3br - 840ft² -    ,   / 3br - 840ft² -    ,,
SF,Sep 17 2013,$3200,   / 2br -    ,   / 2br -    ,,
SF,Sep 17 2013,$3054,   / 1br - 535ft² -    ,   / 1br - 535ft² -    ,37.773167,-122.39666899999999
SF,Sep 17 2013,$3274,   / 1br - 736ft² -    ,   / 1br - 736ft² -    ,,
SF,Sep 17 2013,$5500,   / 2br - 720ft² -    ,   / 2br - 720ft² -    ,37.794109999999996,-122.414648
SF,Sep 17 2013,$2720,   / 1br -    ,   / 1br -    ,37.757228999999995,-122.46193000000001
SF,Sep 18 2013,$2895,   / 1br -    ,   / 1br -    ,37.789625,-122.427692
SF,Sep 18 2013,$2490,   / 1br - 565ft² -    ,   / 1br - 565ft² -    ,37.745389,-122.420019
SF,Sep 18 2013,$2386,   / 1br -    ,   / 1br -    ,37.757934000000006,-122.463067
SF,Sep 18 2013,$6140,   / 3br - 1513ft² -    ,   / 3br - 1513ft² -    ,,
SF,Sep 18 2013,$3500,   / 2br - 1500ft² -    ,   / 2br - 1500ft² -    ,37.780393,-122.458802
SF,Sep 18 2013,$4999,   / 3br - 1350ft² -    ,   / 3br - 1350ft² -    ,,
SF,Sep 18 2013,$1845,      ,      ,37.784087,-122.415999
SF,Sep 18 2013,$1845,   / 1br -    ,   / 1br -    ,37.785061,-122.418741
SF,Sep 18 2013,$1395,      ,      ,37.78602,-122.418728
SF,Sep 18 2013,$3398,   / 1br - 644ft² -    ,   / 1br - 644ft² -    ,37.773920000000004,-122.389927
SF,Sep 18 2013,$3796,   / 2br -    ,   / 2br -    ,,
SF,Sep 18 2013,$6950,   / 4br - 2050ft² -    ,   / 4br - 2050ft² -    ,37.778093,-122.469406
SF,Sep 18 2013,$16000,   / 5br -    ,   / 5br -    ,37.7786,-122.4892
SF,Sep 18 2013,$10000,      ,      ,,
SF,Sep 18 2013,$4200,   / 2br - 1087ft² -    ,   / 2br - 1087ft² -    ,37.795533,-122.41056
SF,Sep 18 2013,$5095,   / 4br -    ,   / 4br -    ,37.776097,-122.48896
SF,Sep 18 2013,$4700,   / 2br - 1300ft² -    ,   / 2br - 1300ft² -    ,37.778245,-122.39653600000001
SF,Sep 18 2013,$1925,   / 1br -    ,   / 1br -    ,37.783311,-122.417529
SF,Sep 18 2013,$3200,   / 1br -    ,   / 1br -    ,37.777273,-122.40406999999999
SF,Sep 18 2013,$750,      ,      ,,
SF,Sep 18 2013,$4700,   / 4br -    ,   / 4br -    ,37.712288,-122.438171
SF,Sep 17 2013,$1995,      ,      ,,
SF,Sep 17 2013,$2506,   / 476ft² -    ,   / 476ft² -    ,37.776286999999996,-122.41718200000001
SF,Sep 17 2013,$3800,   / 2br - 866ft² -    ,   / 2br - 866ft² -    ,37.776138,-122.436318
SF,Sep 17 2013,$2775,   / 1br -    ,   / 1br -    ,,
SF,Sep 17 2013,$5000,   / 1br - 1600ft² -    ,   / 1br - 1600ft² -    ,37.780894,-122.396382
SF,Sep 17 2013,$5095,   / 4br -    ,   / 4br -    ,37.776097,-122.48896
SF,Sep 17 2013,$3495,   / 1br -    ,   / 1br -    ,37.786827,-122.465774
SF,Sep 17 2013,$7498,   / 3br -    ,   / 3br -    ,37.801216,-122.41236
SF,Sep 17 2013,$8745,   / 3br - 1800ft² -    ,   / 3br - 1800ft² -    ,37.791644,-122.429331
SF,Sep 17 2013,$3695,   / 2br - 1706ft² -    ,   / 2br - 1706ft² -    ,,
SF,Sep 17 2013,$4750,   / 2br -    ,   / 2br -    ,37.785724,-122.424603
SF,Sep 17 2013,$3200,   / 2br -    ,   / 2br -    ,37.7509,-122.4153
SF,Sep 18 2013,$3695,   / 2br -    ,   / 2br -    ,37.801303999999995,-122.42453799999998
SF,Sep 18 2013,$2315,   / 595ft² -    ,   / 595ft² -    ,,
SF,Sep 18 2013,$1975,      ,      ,,
SF,Sep 18 2013,$1745,      ,      ,37.784087,-122.415999
SF,Sep 18 2013,$2175,      ,      ,37.779866999999996,-122.437072
SF,Sep 18 2013,$3675,   / 2br - 929ft² -    ,   / 2br - 929ft² -    ,37.788251,-122.416257
SF,Sep 18 2013,$2250,   / 409ft² -    ,   / 409ft² -    ,,
SF,Sep 18 2013,$5995,   / 2br - 1200ft² -    ,   / 2br - 1200ft² -    ,37.79868,-122.415572
SF,Sep 18 2013,$2850,   / 1br -    ,   / 1br -    ,37.802621,-122.414681
SF,Sep 18 2013,$3995,   / 2br -    ,   / 2br -    ,37.794983,-122.419195
SF,Sep 18 2013,$3398,   / 2br -    ,   / 2br -    ,37.774243,-122.462754
SF,Sep 18 2013,$5500,   / 2br -    ,   / 2br -    ,37.786899,-122.388779
SF,Sep 18 2013,$5450,   / 2br - 1500ft² -    ,   / 2br - 1500ft² -    ,,
SF,Sep 18 2013,$3995,   / 1br -    ,   / 1br -    ,37.796879,-122.43713799999999
SF,Sep 18 2013,$8750,   / 2br -    ,   / 2br -    ,37.785829,-122.40149
SF,Sep 18 2013,$9500,   / 2br -    ,   / 2br -    ,37.77493,-122.41942
SF,Sep 18 2013,$6500,   / 2br -    ,   / 2br -    ,37.800908,-122.44303500000001
SF,Sep 18 2013,$1500,   / 1br -    ,   / 1br -    ,,
SF,Sep 18 2013,$3650,   / 2br -    ,   / 2br -    ,,
SF,Sep 18 2013,$2300,      ,      ,37.763707000000004,-122.422743
SF,Sep 18 2013,$3650,   / 2br -    ,   / 2br -    ,,
SF,Sep 18 2013,$3495,   / 1br - 826ft² -    ,   / 1br - 826ft² -    ,,
SF,Sep 17 2013,$4700,   / 1br -    ,   / 1br -    ,37.794661,-122.432048
SF,Sep 17 2013,$8000,   / 3br - 1800ft² -    ,   / 3br - 1800ft² -    ,37.793517,-122.42633500000001
SF,Sep 17 2013,$2400,   / 550ft² -    ,   / 550ft² -    ,37.793508,-122.43378600000001
SF,Sep 17 2013,$9950,   / 3br - 2800ft² -    ,   / 3br - 2800ft² -    ,37.804697999999995,-122.43614699999999
SF,Sep 17 2013,$4125,   / 2br - 1198ft² -    ,   / 2br - 1198ft² -    ,37.786196000000004,-122.424858
SF,Sep 17 2013,$2610,   / 569ft² -    ,   / 569ft² -    ,37.78317,-122.432681
SF,Sep 17 2013,$6500,   / 1br -    ,   / 1br -    ,37.79868,-122.415572
SF,Sep 17 2013,$2150,      ,      ,37.777555,-122.41303400000001
SF,Sep 17 2013,$3685,   / 2br - 929ft² -    ,   / 2br - 929ft² -    ,37.788251,-122.416257
SF,Sep 17 2013,$3850,   / 4br - 1250ft² -    ,   / 4br - 1250ft² -    ,37.716109,-122.4537
SF,Sep 17 2013,$4100,   / 2br - 1500ft² -    ,   / 2br - 1500ft² -    ,37.786238,-122.474383
SF,Sep 17 2013,$5400,   / 2br -    ,   / 2br -    ,37.759614,-122.442307
SF,Sep 17 2013,$3350,   / 1br - 698ft² -    ,   / 1br - 698ft² -    ,,
SF,Sep 17 2013,$2250,   / 1br - 650ft² -    ,   / 1br - 650ft² -    ,37.748962,-122.41943500000001
SF,Sep 17 2013,$3250,   / 2br - 800ft² -    ,   / 2br - 800ft² -    ,37.77446,-122.44951699999999
SF,Sep 17 2013,$3495,   / 2br -    ,   / 2br -    ,37.792840999999996,-122.42451799999999
SF,Sep 17 2013,$2666,   / 476ft² -    ,   / 476ft² -    ,,
SF,Sep 17 2013,$11500,   / 3br -    ,   / 3br -    ,,
SF,Sep 17 2013,$3000,   / 1br -    ,   / 1br -    ,,
SF,Sep 17 2013,$7950,   / 3br -    ,   / 3br -    ,,
SF,Sep 17 2013,$3590,   / 4br -    ,   / 4br -    ,37.7786,-122.4892
SF,Sep 17 2013,$3700,   / 2br -    ,   / 2br -    ,37.759223,-122.435957
South Bay,Sep 18 2013,$2650,   / 1br - 736ft² -    ,   / 1br - 736ft² -    ,37.368445,-122.034683
South Bay,Sep 18 2013,$1872,   / 1br - 731ft² -    ,   / 1br - 731ft² -    ,,
South Bay,Sep 18 2013,$2246,   / 2br - 910ft² -    ,   / 2br - 910ft² -    ,,
South Bay,Sep 18 2013,$2754,   / 2br - 1100ft² -    ,   / 2br - 1100ft² -    ,37.370241,-122.01417099999999
South Bay,Sep 18 2013,$2602,   / 2br - 925ft² -    ,   / 2br - 925ft² -    ,37.370241,-122.01417099999999
South Bay,Sep 18 2013,$2390,   / 3br - 1359ft² -    ,   / 3br - 1359ft² -    ,,
South Bay,Sep 18 2013,$2112,   / 1br - 700ft² -    ,   / 1br - 700ft² -    ,37.337745,-121.94053000000001
South Bay,Sep 18 2013,$2020,   / 2br - 890ft² -    ,   / 2br - 890ft² -    ,37.30076,-121.92843
South Bay,Sep 18 2013,$1930,   / 1br - 825ft² -    ,   / 1br - 825ft² -    ,37.318895,-121.973133
South Bay,Sep 18 2013,$3195,   / 2br - 1065ft² -    ,   / 2br - 1065ft² -    ,,
South Bay,Sep 18 2013,$2364,   / 2br - 1064ft² -    ,   / 2br - 1064ft² -    ,37.247659000000006,-121.85678899999999
South Bay,Sep 18 2013,$3006,   / 2br - 1197ft² -    ,   / 2br - 1197ft² -    ,37.334132000000004,-122.01570500000001
South Bay,Sep 18 2013,$4168,   / 3br - 1610ft² -    ,   / 3br - 1610ft² -    ,37.316841,-121.91096599999999
South Bay,Sep 18 2013,$3200,   / 2br - 1300ft² -    ,   / 2br - 1300ft² -    ,37.228124,-121.98493500000001
South Bay,Sep 18 2013,$2984,   / 2br - 965ft² -    ,   / 2br - 965ft² -    ,37.389801,-122.08579399999999
South Bay,Sep 18 2013,$3795,   / 3br -    ,   / 3br -    ,,
South Bay,Sep 18 2013,$2930,   / 2br - 1336ft² -    ,   / 2br - 1336ft² -    ,,
South Bay,Sep 18 2013,$1050,   / 1br -    ,   / 1br -    ,,
South Bay,Sep 18 2013,$1675,   / 1br - 700ft² -    ,   / 1br - 700ft² -    ,,
South Bay,Sep 18 2013,$1475,   / 1br - 626ft² -    ,   / 1br - 626ft² -    ,37.015547999999995,-121.591553
South Bay,Sep 18 2013,$1895,   / 2br -    ,   / 2br -    ,37.277417,-121.952354
South Bay,Sep 18 2013,$3150,   / 4br - 2259ft² -    ,   / 4br - 2259ft² -    ,37.33939,-121.89496000000001
South Bay,Sep 18 2013,$2408,   / 2br - 1050ft² -    ,   / 2br - 1050ft² -    ,37.33939,-121.89496000000001
South Bay,Sep 18 2013,$1988,   / 1br - 778ft² -    ,   / 1br - 778ft² -    ,37.33939,-121.89496000000001
South Bay,Sep 18 2013,$2186,   / 1br - 743ft² -    ,   / 1br - 743ft² -    ,37.349179,-121.99486999999999
South Bay,Sep 18 2013,$1695,   / 2br -    ,   / 2br -    ,,
South Bay,Sep 18 2013,$1760,   / 1br -    ,   / 1br -    ,,
South Bay,Sep 18 2013,$1892,   / 1br - 731ft² -    ,   / 1br - 731ft² -    ,,
South Bay,Sep 18 2013,$2188,   / 1br - 800ft² -    ,   / 1br - 800ft² -    ,,
South Bay,Sep 18 2013,$2795,   / 2br - 1140ft² -    ,   / 2br - 1140ft² -    ,,
South Bay,Sep 18 2013,$3200,   / 3br - 1200ft² -    ,   / 3br - 1200ft² -    ,37.3066,-122.0002
South Bay,Sep 18 2013,$2495,   / 2br - 1300ft² -    ,   / 2br - 1300ft² -    ,37.342741,-122.04157099999999
South Bay,Sep 18 2013,$2845,   / 2br - 966ft² -    ,   / 2br - 966ft² -    ,37.332142,-122.00607
South Bay,Sep 18 2013,$2290,   / 2br - 1042ft² -    ,   / 2br - 1042ft² -    ,,
South Bay,Sep 18 2013,$2245,   / 2br -    ,   / 2br -    ,,
South Bay,Sep 18 2013,$1750,   / 1br - 589ft² -    ,   / 1br - 589ft² -    ,37.326489,-121.898546
South Bay,Sep 18 2013,$2145,   / 1br -    ,   / 1br -    ,,
South Bay,Sep 18 2013,$3495,   / 3br - 1178ft² -    ,   / 3br - 1178ft² -    ,37.301984000000004,-121.937463
South Bay,Sep 18 2013,$2250,   / 2br - 1177ft² -    ,   / 2br - 1177ft² -    ,,
South Bay,Sep 18 2013,$2386,   / 2br -    ,   / 2br -    ,37.366644,-122.02428799999998
South Bay,Sep 18 2013,$2140,   / 2br -    ,   / 2br -    ,,
South Bay,Sep 18 2013,$2415,   / 2br - 1042ft² -    ,   / 2br - 1042ft² -    ,,
South Bay,Sep 18 2013,$2050,   / 2br -    ,   / 2br -    ,,
South Bay,Sep 18 2013,$2700,   / 2br -    ,   / 2br -    ,,
South Bay,Sep 18 2013,$2500,   / 2br - 1000ft² -    ,   / 2br - 1000ft² -    ,37.337745,-121.94053000000001
South Bay,Sep 18 2013,$2104,   / 1br - 790ft² -    ,   / 1br - 790ft² -    ,,
South Bay,Sep 18 2013,$2326,   / 2br -    ,   / 2br -    ,37.3764,-122.0238
South Bay,Sep 18 2013,$2663,   / 2br - 1016ft² -    ,   / 2br - 1016ft² -    ,37.243916,-121.871879
South Bay,Sep 18 2013,$2118,   / 2br - 900ft² -    ,   / 2br - 900ft² -    ,,
South Bay,Sep 18 2013,$2400,   / 1br - 829ft² -    ,   / 1br - 829ft² -    ,37.336870000000005,-122.032205
South Bay,Sep 18 2013,$1997,   / 1br -    ,   / 1br -    ,37.338041,-122.066872
South Bay,Sep 18 2013,$2137,   / 2br - 1104ft² -    ,   / 2br - 1104ft² -    ,37.386524,-121.889132
South Bay,Sep 18 2013,$2754,   / 2br - 950ft² -    ,   / 2br - 950ft² -    ,37.350081,-121.94686200000001
South Bay,Sep 18 2013,$2135,   / 1br - 800ft² -    ,   / 1br - 800ft² -    ,,
South Bay,Sep 18 2013,$1625,   / 2br - 846ft² -    ,   / 2br - 846ft² -    ,37.013359,-121.582204
South Bay,Sep 18 2013,$1550,   / 1br -    ,   / 1br -    ,37.308233,-121.932845
South Bay,Sep 18 2013,$2795,   / 2br - 1500ft² -    ,   / 2br - 1500ft² -    ,37.3249,-121.9153
South Bay,Sep 18 2013,$900,   / 1br -    ,   / 1br -    ,,
South Bay,Sep 18 2013,$2300,   / 3br - 1550ft² -    ,   / 3br - 1550ft² -    ,37.415618,-121.90538799999999
South Bay,Sep 18 2013,$1999,   / 2br - 1133ft² -    ,   / 2br - 1133ft² -    ,37.36244,-121.91446699999999
South Bay,Sep 18 2013,$2650,   / 3br - 1582ft² -    ,   / 3br - 1582ft² -    ,,
South Bay,Sep 18 2013,$2650,   / 3br - 1582ft² -    ,   / 3br - 1582ft² -    ,,
South Bay,Sep 18 2013,$4000,   / 3br - 1600ft² -    ,   / 3br - 1600ft² -    ,,
South Bay,Sep 18 2013,$1899,   / 3br - 1162ft² -    ,   / 3br - 1162ft² -    ,37.329152,-121.854547
South Bay,Sep 18 2013,$1200,   / 1br - 1119ft² -    ,   / 1br - 1119ft² -    ,,
South Bay,Sep 18 2013,$1799,   / 1br -    ,   / 1br -    ,37.273143,-122.02577
South Bay,Sep 18 2013,$1083,   / 382ft² -    ,   / 382ft² -    ,,
South Bay,Sep 18 2013,$2695,   / 2br - 1100ft² -    ,   / 2br - 1100ft² -    ,37.34202,-122.034675
South Bay,Sep 18 2013,$2105,   / 1br - 693ft² -    ,   / 1br - 693ft² -    ,37.383033000000005,-122.040687
South Bay,Sep 18 2013,$1775,   / 1br - 514ft² -    ,   / 1br - 514ft² -    ,,
South Bay,Sep 18 2013,$1250,   / 1br -    ,   / 1br -    ,37.344084,-121.889284
South Bay,Sep 18 2013,$2254,   / 2br - 1095ft² -    ,   / 2br - 1095ft² -    ,,
